metric_id,prosthesis_id,metric_timestamp,force_newtons,force_direction,acceleration_x,acceleration_y,acceleration_z,temperature_celsius,battery_level_percent
1,2,2025-05-20,22653,199.2,40,17,27,59,56
2,16,2025-05-23,37023,90.8,80,27,10,76,97
3,18,2025-01-18,36990,87.0,21,53,76,92,85
4,9,2025-06-21,11488,297.9,72,90,51,57,39
5,13,2025-05-25,20802,207.4,70,83,40,66,9
6,2,2025-05-28,9189,50.4,99,28,79,74,16
7,9,2025-09-26,31931,323.9,50,12,38,15,2
8,15,2025-05-10,38703,328.5,2,40,49,25,22
9,16,2025-03-10,38545,280.3,61,100,56,43,31
10,17,2025-03-26,4912,61.4,91,11,43,61,28
11,16,2025-02-12,27224,32.4,67,68,37,18,86
12,19,2024-12-02,47742,287.8,7,16,78,72,29
13,5,2024-10-24,27840,206.6,82,2,48,58,44
14,19,2025-09-03,33498,171.5,65,42,10,18,83
15,5,2025-05-23,49823,274.9,58,60,99,11,38
16,8,2025-01-07,41356,136.0,95,47,21,51,50
17,20,2025-02-10,8457,116.5,25,60,3,59,6
18,20,2025-03-07,41751,247.2,48,61,44,100,39
19,7,2025-09-13,8469,51.6,89,69,61,21,1
20,3,2025-10-03,37219,335.5,59,26,62,4,12
21,6,2025-06-22,17019,166.5,28,43,59,85,32
22,3,2024-12-25,13944,96.8,28,18,7,61,60
23,20,2025-09-19,12302,190.1,56,95,64,9,85
24,4,2025-02-26,36318,297.9,54,1,11,85,16
25,7,2024-11-04,13122,17.5,83,58,29,44,99
26,9,2025-02-20,22435,183.9,20,51,5,54,95
27,14,2025-01-10,20472,23.6,87,52,79,74,95
28,9,2025-04-25,31040,289.7,78,11,42,62,87
29,10,2025-06-27,1190,53.2,16,96,98,75,54
30,9,2025-02-28,46620,176.4,87,19,48,43,35
31,4,2025-09-02,4676,335.9,22,90,78,37,78
32,5,2025-06-11,30310,96.7,94,5,59,38,4
33,17,2025-09-15,18986,13.3,21,9,95,24,40
34,13,2025-08-22,43452,29.7,96,52,68,4,88
35,9,2025-06-13,18020,141.2,90,35,90,92,73
36,10,2025-01-16,42971,355.2,1,43,24,1,40
37,20,2025-07-08,8426,303.9,94,23,24,1,73
38,8,2025-08-11,37517,48.7,3,71,63,69,9
39,11,2025-09-18,14915,259.3,52,37,19,9,1
40,10,2025-08-08,24489,193.4,42,64,66,15,55
41,20,2024-11-15,35208,309.7,47,94,6,17,2
42,7,2025-04-06,23208,19.1,87,80,6,29,31
43,7,2025-05-08,44148,239.5,58,94,9,9,67
44,1,2025-07-11,46476,24.7,52,6,51,78,29
45,11,2025-05-18,7769,13.6,17,61,19,83,61
46,17,2025-05-18,9302,1.6,12,3,43,23,16
47,13,2025-10-05,5602,334.2,92,96,59,20,53
48,9,2025-02-23,44389,211.8,32,27,87,30,51
49,4,2025-03-10,2706,157.5,55,87,53,83,61
50,20,2024-10-26,36353,185.3,97,78,32,39,49
51,13,2025-10-07,39791,155.0,46,52,5,90,88
52,14,2025-07-07,1481,245.7,60,68,61,93,71
53,20,2025-06-25,48020,313.0,80,1,83,22,11
54,12,2024-12-23,34331,179.7,14,89,25,74,71
55,18,2025-02-22,36192,298.4,30,79,47,11,85
56,9,2025-09-27,22354,170.1,92,14,78,66,40
57,3,2025-05-13,23551,113.0,5,94,29,60,56
58,8,2025-07-23,29087,238.4,37,1,97,5,9
59,13,2024-12-19,33050,237.4,73,22,79,93,1
60,8,2025-07-04,5666,57.4,93,84,96,8,50
61,4,2025-06-01,19940,1.9,35,4,46,55,40
62,9,2025-03-26,41325,12.9,71,66,68,23,11
63,6,2025-01-24,44777,169.6,37,6,85,13,49
64,6,2025-02-15,22771,109.8,61,48,89,32,40
65,18,2025-09-26,29914,248.0,92,47,7,5,11
66,19,2025-10-06,48394,140.1,94,94,77,57,31
67,8,2025-01-16,43958,140.6,35,12,80,70,4
68,1,2025-01-02,17627,214.6,33,43,14,11,90
69,14,2024-11-12,18417,354.8,29,72,3,25,3
70,11,2025-06-14,19976,170.0,10,6,28,13,76
71,11,2025-08-19,29111,245.1,48,45,92,14,42
72,3,2025-09-15,26153,35.1,98,89,86,53,7
73,12,2024-12-28,22184,40.4,89,80,34,37,72
74,3,2025-08-08,42583,80.3,74,22,65,35,64
75,5,2025-08-27,27583,231.1,41,56,80,47,76
76,1,2025-04-07,42027,62.4,76,29,44,14,2
77,11,2025-01-01,14368,190.0,30,93,51,68,84
78,10,2025-01-30,12532,50.5,67,9,90,99,38
79,4,2025-07-12,27752,215.2,66,12,17,23,34
80,7,2024-11-18,42271,169.5,78,94,96,100,82
81,1,2025-08-12,47987,106.1,100,84,42,74,58
82,18,2025-08-26,34327,253.9,78,78,17,23,96
83,7,2025-04-26,48815,153.4,26,50,29,29,26
84,10,2025-10-14,46067,88.8,13,10,7,32,67
85,1,2025-08-05,19026,186.5,27,30,61,55,92
86,20,2025-09-05,22285,336.9,27,44,19,19,67
87,16,2025-06-14,977,182.1,23,86,91,76,56
88,3,2025-10-18,2404,186.9,79,86,46,31,35
89,17,2025-02-25,11830,111.1,25,99,33,18,93
90,6,2025-09-06,11861,332.2,33,95,52,86,17
91,16,2025-06-14,15655,154.1,7,66,49,31,57
92,4,2025-06-12,11070,222.9,3,10,88,27,14
93,11,2025-10-04,49967,306.0,16,100,1,57,10
94,5,2025-04-17,8950,233.8,68,16,68,52,40
95,9,2025-08-01,49067,325.2,3,78,92,43,17
96,14,2025-07-28,2917,235.2,19,69,66,26,75
97,19,2025-01-13,24666,131.4,80,98,81,43,20
98,3,2025-07-15,42206,121.4,14,57,33,84,26
99,8,2025-01-26,28934,181.3,49,97,83,12,63
100,13,2025-05-04,2884,132.1,42,57,31,35,28
101,4,2025-07-17,47923,43.2,67,69,56,37,33
102,8,2025-08-10,11657,294.0,20,77,11,22,95
103,20,2025-03-04,8556,76.6,54,92,46,86,15
104,1,2025-02-09,18170,84.6,51,93,23,21,69
105,20,2025-09-08,9943,232.4,38,43,1,100,77
106,5,2024-10-29,25500,196.9,23,32,17,96,14
107,5,2025-02-11,10820,359.8,6,94,38,28,2
108,9,2025-05-12,31085,28.2,37,22,77,7,41
109,6,2025-09-14,49515,33.3,72,64,85,45,87
110,14,2025-05-30,38668,352.2,48,69,70,81,46
111,15,2025-10-15,31801,254.0,16,2,2,10,95
112,13,2025-01-27,35145,181.0,55,87,37,85,38
113,13,2025-01-26,37626,198.3,24,10,57,65,64
114,7,2025-01-05,27836,103.4,90,53,22,12,53
115,7,2025-02-28,14800,260.1,9,55,77,35,61
116,11,2025-05-27,47374,228.5,78,61,7,33,28
117,13,2024-12-13,30620,244.8,4,18,75,5,89
118,12,2025-06-03,14096,52.6,16,74,67,53,33
119,4,2025-08-12,3374,139.7,75,61,23,48,77
120,13,2024-11-16,14671,113.6,83,98,73,18,81
121,2,2025-09-27,14748,26.8,32,85,80,76,29
122,2,2025-03-07,23601,329.7,70,26,72,22,18
123,8,2025-06-06,20091,258.9,45,95,96,47,49
124,13,2024-12-24,47962,317.7,44,41,25,53,22
125,4,2025-09-21,6977,10.7,100,80,87,4,32
126,5,2025-06-17,13180,149.2,13,45,9,87,9
127,4,2025-03-08,25773,169.2,51,52,83,47,4
128,19,2025-09-07,26806,180.1,35,91,1,85,82
129,4,2025-04-10,36673,291.0,58,94,19,39,43
130,6,2025-06-03,8431,303.4,18,51,3,82,80
131,20,2024-12-19,15376,18.9,15,32,52,1,18
132,17,2025-03-18,2231,150.1,11,31,73,33,36
133,16,2025-10-03,27852,77.3,62,48,24,66,65
134,15,2025-07-24,11529,316.4,29,89,98,57,63
135,17,2025-04-28,41148,157.6,70,32,78,66,73
136,7,2024-12-13,33648,114.3,26,89,75,26,47
137,11,2025-08-02,29618,12.3,26,93,53,97,93
138,1,2025-05-21,16709,267.9,1,77,28,37,46
139,5,2024-12-09,9262,314.7,60,34,23,62,81
140,20,2025-06-21,15652,127.4,37,42,2,1,37
141,11,2025-06-01,27855,81.4,33,70,66,90,79
142,15,2025-06-05,30567,53.8,92,87,28,43,76
143,5,2025-09-13,30990,26.8,80,89,93,54,23
144,9,2024-11-09,1789,114.6,69,51,91,32,70
145,3,2025-01-29,33525,324.3,97,40,23,46,7
146,16,2025-01-18,35915,280.3,81,56,2,15,69
147,9,2025-02-06,691,224.2,81,14,54,62,70
148,13,2025-03-15,23192,197.5,19,10,79,53,14
149,2,2025-07-29,40173,233.3,59,89,29,81,23
150,2,2025-10-14,31124,246.8,34,52,42,66,11
151,17,2025-10-13,26040,53.3,99,32,95,84,17
152,11,2024-12-16,5632,238.7,20,5,14,90,98
153,12,2025-09-19,3691,323.8,57,33,27,14,98
154,11,2024-12-19,19942,98.5,71,15,28,84,38
155,2,2025-06-07,30027,192.2,3,95,77,70,6
156,11,2025-04-17,39420,11.1,3,62,10,2,42
157,20,2025-01-01,48138,354.7,11,98,31,27,60
158,9,2025-06-02,22539,122.4,42,14,97,98,7
159,16,2025-08-22,13215,264.6,68,46,11,23,1
160,7,2025-02-28,5995,331.7,53,97,49,69,24
161,5,2024-10-29,34139,203.3,22,5,100,48,19
162,4,2024-12-20,42045,291.9,97,80,1,53,27
163,7,2025-01-26,46424,239.6,7,94,4,66,66
164,4,2025-03-15,21779,355.5,63,54,83,68,68
165,11,2025-10-04,30666,235.3,22,56,39,18,100
166,4,2025-03-25,46566,185.8,19,17,45,32,73
167,19,2025-09-29,44786,344.0,84,10,80,62,54
168,6,2025-09-18,27338,329.1,17,25,56,5,5
169,12,2025-04-25,10732,147.9,53,94,27,4,34
170,19,2025-05-25,35866,308.7,23,15,45,84,70
171,18,2025-10-14,31481,139.7,63,63,82,4,88
172,3,2025-07-14,21100,85.5,53,15,26,80,17
173,15,2025-03-03,386,0.2,38,88,66,70,21
174,2,2025-08-21,19000,271.3,86,1,78,75,35
175,2,2024-10-26,35987,19.8,75,6,49,94,69
176,2,2025-04-12,8874,94.4,7,72,4,97,93
177,2,2025-07-21,30352,1.6,96,52,71,20,20
178,16,2025-04-07,8260,263.2,89,78,50,68,6
179,15,2025-02-09,2054,147.3,77,70,78,51,80
180,8,2025-10-16,16823,195.1,44,22,28,81,67
181,2,2025-02-10,33951,105.3,41,67,44,76,99
182,5,2025-05-28,22851,308.4,70,43,43,37,25
183,7,2025-09-17,6214,85.6,81,1,68,8,21
184,19,2025-07-13,44626,242.8,27,8,67,54,45
185,11,2025-02-22,14556,259.8,44,30,95,8,1
186,17,2025-01-06,26278,240.2,25,70,58,21,58
187,13,2025-10-07,32166,4.7,95,80,11,22,72
188,3,2025-09-16,42748,350.6,34,55,10,13,20
189,13,2024-11-29,9301,78.5,72,56,79,86,93
190,3,2025-05-10,30502,280.0,88,12,69,49,30
191,9,2025-06-15,22963,165.8,48,41,5,22,20
192,14,2025-09-20,39256,22.3,27,76,63,77,69
193,2,2025-08-02,17446,322.7,31,72,87,95,23
194,4,2024-11-28,25448,158.2,74,10,45,1,35
195,19,2025-08-11,45963,282.6,29,92,31,88,26
196,19,2025-04-28,9826,301.8,67,32,58,99,32
197,14,2025-06-12,7357,91.8,60,66,59,92,71
198,14,2025-05-04,2926,322.9,80,22,2,23,6
199,11,2025-01-15,238,130.9,73,95,3,27,100
200,15,2025-07-26,13664,84.4,65,43,79,36,83
201,5,2025-09-28,11430,344.0,39,93,20,65,17
202,15,2024-12-12,37931,274.4,67,1,38,37,75
203,4,2025-07-12,491,107.9,19,62,8,74,56
204,13,2025-07-07,35606,110.7,100,15,89,33,60
205,5,2025-08-30,740,189.0,5,32,49,52,88
206,10,2025-07-26,4434,35.4,8,98,11,81,36
207,16,2025-08-05,32473,227.3,12,47,21,90,15
208,14,2025-02-07,673,152.4,22,10,96,94,74
209,7,2025-05-16,8356,310.5,91,25,45,70,15
210,19,2025-09-22,46319,223.6,89,57,84,48,77
211,16,2024-12-08,127,271.2,99,75,63,56,73
212,15,2025-07-14,49852,159.3,69,47,84,78,8
213,20,2025-03-02,14458,350.2,34,79,89,47,26
214,13,2025-07-02,49904,255.7,7,13,17,42,24
215,11,2025-05-07,15142,129.1,69,68,77,37,91
216,10,2025-04-24,21519,345.1,87,65,39,73,90
217,2,2025-08-31,22308,26.6,38,1,49,87,39
218,14,2025-03-29,31397,229.9,42,31,75,44,37
219,19,2025-04-14,33253,353.2,50,84,72,28,88
220,6,2025-07-24,32375,107.9,92,47,72,41,40
221,18,2025-03-10,20960,294.7,73,64,26,55,48
222,19,2025-01-26,14927,76.0,87,79,96,45,10
223,12,2025-05-18,21684,251.2,54,4,74,61,55
224,12,2025-06-12,31615,322.0,9,72,79,16,18
225,11,2025-06-11,12798,143.8,58,29,63,1,82
226,14,2025-05-31,30981,314.7,20,14,38,7,41
227,2,2025-03-30,36416,229.9,62,44,36,30,83
228,1,2024-11-28,43502,298.5,73,92,65,53,92
229,14,2025-08-11,31284,212.1,50,40,78,7,24
230,8,2025-04-01,45890,49.1,43,7,10,24,30
231,3,2025-04-02,14500,306.2,5,84,5,7,8
232,13,2024-11-06,20939,215.5,25,68,17,65,87
233,20,2025-03-30,12795,66.8,59,83,94,79,99
234,15,2025-06-16,46932,251.7,51,30,20,32,31
235,3,2025-03-21,37808,192.4,83,33,30,51,91
236,11,2025-01-11,22513,99.6,11,43,64,81,62
237,14,2024-12-17,37235,226.3,85,84,1,83,60
238,8,2024-11-29,14736,330.6,27,21,92,72,79
239,4,2025-02-10,20570,108.6,4,97,89,32,60
240,18,2025-01-08,8547,45.4,84,7,19,29,49
241,3,2024-11-08,42430,83.4,20,79,64,65,21
242,20,2025-10-13,14021,41.0,64,20,21,27,97
243,4,2025-06-13,18730,342.0,22,63,80,71,70
244,1,2025-10-02,23848,216.3,67,18,84,14,83
245,14,2024-11-10,7523,311.1,10,39,33,2,84
246,10,2024-12-18,14876,108.3,43,76,20,60,93
247,6,2025-06-02,13254,192.6,3,80,48,42,88
248,11,2025-09-07,40664,131.2,77,70,59,8,64
249,19,2025-09-12,42350,315.2,95,67,62,11,71
250,14,2025-08-18,9441,316.1,2,12,75,90,10
251,18,2025-01-03,15386,253.4,40,56,74,41,40
252,7,2024-12-13,39336,184.3,64,85,34,53,85
253,12,2025-09-20,2878,123.9,11,84,93,36,48
254,4,2025-09-23,19347,170.7,73,88,19,65,68
255,3,2025-09-05,33071,217.0,60,23,29,31,32
256,11,2025-10-07,18973,14.5,90,61,14,74,20
257,15,2025-02-04,15491,279.3,15,10,49,52,30
258,5,2024-10-27,40666,89.6,14,40,63,11,65
259,5,2025-04-06,3589,332.9,73,24,28,84,76
260,11,2025-06-15,1597,103.1,27,13,13,26,28
261,7,2025-09-07,11252,164.8,21,65,2,35,56
262,15,2024-11-09,16153,316.4,24,32,18,51,99
263,10,2024-11-18,20664,288.1,98,80,78,2,76
264,11,2025-08-17,43576,354.6,14,30,18,72,11
265,9,2025-05-28,20127,2.2,2,76,60,69,54
266,15,2025-06-23,17619,174.1,22,31,19,46,18
267,18,2024-10-26,862,297.2,84,76,74,88,40
268,5,2025-06-28,3688,230.4,80,51,13,82,47
269,11,2025-08-28,5601,258.4,25,99,49,88,3
270,3,2025-01-13,10134,278.2,77,42,11,96,97
271,19,2025-10-20,32141,353.6,43,66,8,66,25
272,9,2024-11-13,34853,322.4,60,22,71,24,60
273,2,2025-03-23,39793,273.4,34,27,29,70,86
274,10,2024-12-28,10716,4.9,11,81,61,57,37
275,7,2025-06-16,40759,310.1,92,76,73,94,8
276,6,2025-08-29,37944,0.6,13,88,50,41,10
277,6,2024-12-31,19801,158.2,47,86,31,10,74
278,18,2025-02-12,43741,120.2,88,31,98,90,20
279,18,2025-01-19,1956,344.6,33,42,41,34,82
280,4,2025-02-06,41412,175.8,14,14,53,19,94
281,2,2025-05-30,44704,74.9,68,27,54,47,83
282,9,2025-07-27,20922,329.3,49,30,69,72,12
283,9,2024-12-11,26310,155.9,66,37,17,33,31
284,15,2024-11-19,42470,149.5,54,48,11,94,40
285,15,2025-05-19,44479,157.6,61,11,98,30,46
286,17,2025-04-16,44145,76.2,39,28,5,26,34
287,12,2024-10-26,14796,271.1,37,62,2,15,86
288,18,2024-12-07,15345,135.9,75,68,65,36,1
289,14,2025-04-26,43020,129.9,60,8,87,50,4
290,2,2025-08-22,7329,13.8,84,57,57,69,66
291,7,2024-12-19,40455,76.6,7,92,98,70,32
292,6,2025-06-19,48577,231.9,42,78,23,96,10
293,20,2025-05-24,18056,144.1,13,95,18,65,72
294,18,2025-08-03,18008,64.8,63,6,5,41,75
295,9,2025-01-31,45237,315.8,31,62,64,4,33
296,4,2025-03-04,44094,319.3,29,84,8,13,37
297,6,2025-10-14,22817,117.7,85,93,98,11,44
298,20,2025-07-07,36577,118.7,3,53,94,64,34
299,12,2025-07-26,6909,104.7,31,84,1,93,27
300,2,2025-09-15,23160,57.0,86,63,89,13,8
301,1,2025-08-04,3731,276.8,74,38,55,99,92
302,13,2025-04-14,9657,333.7,94,81,54,56,88
303,16,2025-08-27,4334,168.6,63,33,59,93,1
304,14,2025-03-02,13341,154.7,100,69,50,57,81
305,15,2025-09-11,5987,44.6,27,54,67,71,36
306,12,2025-09-29,23116,156.8,40,1,93,67,82
307,5,2025-08-24,14894,184.1,25,53,27,82,99
308,20,2025-03-06,42120,240.7,63,30,99,86,12
309,7,2025-03-03,6363,143.9,100,13,44,10,12
310,10,2025-09-10,7306,162.4,76,92,91,23,70
311,3,2025-03-19,15472,350.6,4,98,86,96,20
312,18,2025-05-06,49403,232.0,84,55,57,65,15
313,12,2025-07-14,14725,326.8,17,79,99,15,46
314,8,2025-10-11,34293,92.9,11,22,36,1,76
315,12,2024-12-15,2581,195.7,44,33,46,47,41
316,2,2025-06-28,20188,47.8,37,2,86,54,41
317,19,2025-04-27,48963,149.0,61,96,16,64,85
318,6,2025-06-30,40811,220.9,87,66,81,22,21
319,17,2024-12-06,14876,252.7,50,44,4,42,88
320,16,2024-12-03,23916,180.1,29,64,29,98,63
321,18,2024-12-28,29250,86.2,25,48,73,25,6
322,14,2025-08-03,43467,89.7,47,100,16,3,43
323,11,2025-03-15,40200,260.5,91,96,15,11,28
324,9,2025-05-13,29736,179.8,62,14,51,96,34
325,17,2025-06-29,10838,169.7,66,65,96,58,59
326,9,2025-09-04,24250,162.4,51,2,12,86,3
327,11,2025-01-19,29223,315.8,25,48,31,37,9
328,19,2025-03-16,46423,5.0,81,78,28,38,70
329,4,2025-03-05,3102,89.3,64,46,10,50,74
330,18,2025-09-19,20613,50.3,38,1,25,32,46
331,2,2025-04-19,4912,338.2,34,89,67,10,31
332,15,2025-10-18,13055,39.9,73,67,81,28,71
333,17,2025-07-14,10600,287.0,81,91,98,43,34
334,10,2025-07-03,7465,358.5,74,46,77,54,54
335,15,2025-06-21,33706,157.5,79,58,85,52,54
336,1,2024-12-17,46518,43.1,3,60,60,59,23
337,3,2025-03-23,20600,121.2,21,71,74,33,56
338,15,2025-02-17,18341,10.3,11,74,59,22,16
339,18,2025-04-30,23063,22.2,70,62,96,24,95
340,12,2025-01-16,43144,224.3,54,8,73,10,39
341,1,2025-01-28,34803,73.2,79,62,63,44,24
342,7,2024-12-28,49022,273.1,83,7,56,55,44
343,2,2025-02-15,24298,53.9,72,61,25,92,23
344,10,2025-02-28,23104,133.9,70,26,28,61,51
345,14,2025-03-02,2178,35.3,69,50,8,34,99
346,16,2025-01-18,8676,14.5,6,45,73,2,31
347,4,2025-08-20,41329,10.1,34,72,89,44,99
348,2,2025-02-28,44143,295.5,52,92,49,94,21
349,1,2025-07-13,7734,350.3,49,27,71,75,60
350,16,2025-01-03,40500,348.9,14,38,69,20,78
351,18,2024-10-28,12163,255.4,62,93,9,29,87
352,11,2024-12-07,7635,107.7,91,64,56,53,67
353,7,2025-04-02,30774,137.9,90,71,59,63,5
354,8,2024-12-22,48829,353.5,41,90,98,9,74
355,5,2025-07-27,17350,133.5,35,62,6,70,52
356,10,2024-12-22,40718,25.7,28,41,19,66,50
357,3,2025-07-04,12254,276.7,84,5,60,63,64
358,10,2025-04-24,38322,132.8,8,95,69,75,72
359,4,2024-11-16,15530,280.5,44,20,31,81,54
360,8,2025-02-16,5371,297.9,31,40,80,75,44
361,17,2025-04-19,12117,306.0,10,15,32,94,43
362,3,2025-02-01,13677,289.3,65,70,76,7,41
363,10,2025-10-06,47879,349.0,14,53,37,54,2
364,9,2025-09-06,32967,212.7,7,20,5,41,87
365,19,2025-01-27,15160,242.1,6,93,40,25,34
366,14,2025-02-10,39303,12.4,45,70,97,77,22
367,10,2025-02-09,26247,12.2,53,43,60,35,13
368,10,2025-01-06,38072,117.8,49,18,35,81,8
369,16,2025-04-14,36425,104.8,18,7,98,64,76
370,11,2024-12-10,7671,285.6,87,1,52,69,45
371,20,2025-06-04,21690,330.7,37,25,92,92,16
372,5,2025-02-15,2571,279.0,76,79,17,61,82
373,19,2024-11-28,29136,294.6,89,36,64,86,76
374,1,2025-09-25,44539,192.7,66,86,33,9,44
375,18,2025-01-25,16399,260.4,37,5,59,10,4
376,12,2025-01-20,6714,175.3,19,80,91,30,34
377,3,2024-12-18,32815,199.4,19,9,78,7,95
378,8,2025-04-13,9152,235.1,5,43,45,88,15
379,10,2024-11-29,4728,337.2,52,97,43,81,28
380,8,2024-11-05,5918,151.3,62,68,39,32,74
381,15,2025-06-15,43783,162.2,11,11,47,73,100
382,5,2025-07-31,517,207.8,25,81,79,60,99
383,1,2025-01-20,37161,235.8,14,33,66,35,84
384,5,2025-09-05,38018,217.1,86,87,80,54,70
385,7,2025-10-20,43753,175.1,92,64,43,44,70
386,12,2025-01-26,9543,146.9,55,57,47,16,69
387,16,2025-04-28,34669,282.5,80,71,96,32,73
388,18,2025-03-06,32747,44.7,37,6,100,73,19
389,12,2024-12-07,20370,131.6,45,6,79,36,34
390,16,2025-02-18,31649,344.4,75,11,70,30,12
391,11,2025-07-11,25873,195.3,94,38,89,7,100
392,9,2025-01-01,35824,4.7,61,37,55,75,74
393,15,2025-03-27,38133,114.2,19,8,2,74,35
394,3,2025-05-07,49161,230.2,12,39,60,75,76
395,20,2025-08-23,36015,164.8,83,55,79,87,26
396,14,2025-03-22,15139,237.7,12,84,37,28,79
397,9,2025-08-25,5511,125.5,62,60,18,76,67
398,2,2025-09-30,22575,218.2,94,1,23,80,15
399,2,2025-10-09,9915,349.0,49,51,88,23,78
400,6,2025-04-11,42480,177.4,82,20,98,15,20
401,10,2025-01-10,15209,246.6,77,99,62,78,79
402,15,2024-12-04,6783,254.7,4,6,80,71,6
403,16,2025-04-23,32618,101.7,53,13,47,92,54
404,13,2025-05-16,39641,75.1,29,94,56,17,49
405,10,2024-11-10,32695,30.5,30,31,46,26,74
406,19,2025-05-21,27523,352.2,81,12,12,86,48
407,10,2025-10-02,30155,242.9,69,97,94,92,43
408,5,2025-01-19,21762,117.3,48,1,84,39,63
409,9,2025-08-19,9155,164.0,15,37,45,1,45
410,4,2025-02-15,5299,145.2,57,25,68,62,44
411,6,2025-07-28,18160,254.6,41,66,21,39,9
412,2,2025-02-18,47594,75.6,64,33,75,46,53
413,12,2024-12-25,49652,81.6,80,30,12,49,58
414,2,2025-02-17,29738,190.4,61,85,62,68,40
415,1,2024-11-26,49879,197.2,73,28,32,98,69
416,6,2025-10-19,43580,9.9,70,10,67,48,33
417,14,2024-11-06,34051,254.2,63,53,59,76,75
418,10,2024-10-27,49178,186.7,66,18,26,30,1
419,10,2025-09-07,48607,308.5,79,35,40,16,4
420,17,2025-01-03,34919,194.1,25,53,35,41,3
421,2,2025-01-15,9279,150.9,10,1,69,42,12
422,4,2025-03-10,9702,226.7,34,85,60,73,52
423,13,2025-03-31,30000,76.1,28,97,84,27,33
424,11,2025-06-01,35374,291.1,95,22,88,11,79
425,13,2025-09-14,26051,160.7,79,47,13,9,23
426,4,2024-12-23,33427,353.4,68,25,55,35,72
427,9,2025-04-05,932,284.8,87,48,9,78,46
428,9,2025-09-25,39265,102.9,23,71,46,93,50
429,2,2025-03-02,15340,103.9,62,15,79,20,76
430,5,2025-06-16,4759,57.7,37,23,93,1,20
431,20,2025-04-28,8573,8.3,82,29,17,55,86
432,9,2025-04-09,18014,302.1,53,93,41,23,6
433,14,2025-04-05,9004,313.9,47,92,77,92,72
434,1,2024-12-07,21566,337.3,20,50,44,12,5
435,6,2024-12-21,4499,221.2,83,47,15,16,63
436,18,2025-03-14,16721,134.8,72,81,43,60,66
437,11,2025-06-25,10492,198.8,38,80,66,72,27
438,4,2025-08-21,25876,120.7,27,31,87,57,53
439,11,2024-11-18,5795,299.6,50,93,18,84,6
440,10,2024-12-28,17765,56.0,10,91,70,30,60
441,15,2025-09-12,17842,144.3,66,4,22,52,64
442,10,2025-04-10,14867,197.6,4,100,15,63,57
443,3,2025-07-25,4024,304.7,15,32,26,47,18
444,10,2025-04-25,18817,182.4,20,55,21,21,77
445,19,2024-12-08,40731,127.9,36,22,29,59,95
446,11,2024-11-23,35886,89.4,6,25,10,40,69
447,2,2025-04-13,11706,264.8,35,22,3,16,54
448,8,2025-06-06,31378,291.6,45,20,51,73,43
449,12,2025-05-11,10250,7.2,49,67,91,57,27
450,8,2025-05-29,39893,239.0,90,28,35,85,93
451,18,2025-08-18,24339,47.9,21,55,41,15,69
452,12,2025-06-09,16302,44.3,81,21,93,7,17
453,19,2025-08-20,782,247.0,53,9,97,73,63
454,2,2024-12-09,32371,234.6,37,69,11,98,52
455,14,2024-10-27,40465,38.3,48,100,55,65,12
456,5,2025-05-28,31679,37.7,66,42,62,88,97
457,6,2024-12-13,45137,84.2,39,65,19,68,80
458,20,2025-05-26,44324,101.1,42,19,22,30,94
459,20,2025-01-12,9580,93.4,54,95,40,96,73
460,5,2025-05-02,38562,126.3,55,59,88,38,45
461,8,2025-06-22,25700,30.4,57,69,49,74,87
462,3,2025-08-02,20391,149.1,74,98,51,68,6
463,13,2025-05-04,22563,125.9,9,45,37,4,64
464,1,2025-06-16,27255,79.6,61,30,68,31,67
465,7,2025-01-26,20199,103.0,52,95,63,71,94
466,11,2025-06-12,4025,356.7,35,22,19,84,69
467,8,2025-03-24,31280,349.9,2,78,45,25,78
468,17,2025-05-12,8057,77.2,21,6,80,45,61
469,3,2025-05-07,42607,320.1,85,40,31,9,44
470,1,2025-04-01,27561,302.3,65,15,93,51,76
471,13,2025-02-05,40835,195.9,11,91,61,79,61
472,8,2025-01-14,3483,260.0,27,61,7,32,8
473,3,2025-03-01,8223,8.4,65,73,40,2,27
474,15,2025-06-02,629,205.2,22,32,9,55,59
475,7,2025-06-17,24392,272.8,51,65,5,88,69
476,6,2025-08-14,5999,87.0,5,62,53,77,39
477,2,2025-01-16,32514,229.0,56,88,86,89,56
478,11,2025-09-07,3596,129.8,42,32,26,2,17
479,9,2025-09-01,6008,273.0,99,73,34,93,92
480,10,2025-09-02,31941,140.7,40,23,20,45,93
481,8,2025-09-17,13836,286.4,35,100,84,53,73
482,9,2024-12-10,14141,62.0,68,42,30,99,72
483,4,2025-07-28,22954,116.3,75,39,50,86,41
484,16,2025-02-17,35232,87.2,88,86,57,49,42
485,18,2024-11-10,26893,228.6,88,83,93,40,18
486,2,2025-01-13,27727,325.6,26,71,30,96,86
487,18,2024-11-05,21998,279.7,17,53,22,14,91
488,5,2025-01-11,19388,212.2,83,7,97,71,56
489,20,2025-09-21,12842,306.0,59,17,73,15,16
490,4,2025-01-12,36335,169.9,81,56,67,25,51
491,14,2024-12-26,40222,314.8,94,13,2,29,33
492,9,2025-01-02,2544,90.8,58,68,40,46,37
493,6,2025-03-02,4992,323.5,51,59,31,89,8
494,3,2025-03-02,33411,351.2,36,37,42,57,100
495,4,2025-04-02,41076,3.9,19,56,58,14,88
496,18,2025-01-30,2032,310.6,66,20,57,55,91
497,14,2024-11-18,21880,109.6,72,91,6,46,10
498,3,2025-03-19,29313,215.5,94,54,96,97,45
499,15,2025-07-09,5859,172.9,22,69,37,77,78
500,8,2025-04-10,13031,190.9,67,26,76,78,67
501,12,2024-10-26,33953,109.3,85,83,77,71,85
502,17,2025-07-01,37768,86.9,74,51,88,28,12
503,6,2025-02-24,19611,336.1,1,83,64,34,72
504,7,2025-10-01,34482,126.6,37,86,90,86,88
505,4,2025-07-12,6968,125.4,54,9,96,75,26
506,7,2025-07-21,40119,48.9,63,86,76,63,11
507,14,2025-01-31,33238,252.7,83,63,57,50,18
508,5,2025-03-30,38343,103.0,44,52,48,29,17
509,20,2025-08-20,31591,294.9,3,61,99,70,59
510,12,2024-11-20,23213,167.1,30,1,97,43,5
511,10,2025-01-30,47500,92.2,10,21,74,80,34
512,3,2025-07-24,38936,188.3,36,52,5,14,52
513,3,2024-11-16,18191,139.6,71,51,64,8,7
514,5,2025-01-10,41892,290.0,96,31,45,85,13
515,18,2024-11-19,37289,110.8,47,16,81,54,40
516,4,2025-01-24,5196,314.0,32,90,21,82,61
517,3,2025-08-08,36768,15.4,7,71,64,87,26
518,4,2025-03-28,37203,159.9,51,76,46,10,90
519,8,2024-11-02,1091,69.1,56,79,21,63,23
520,18,2025-06-29,49943,191.5,74,34,59,93,51
521,10,2025-09-21,22457,320.3,51,4,8,4,74
522,13,2025-09-16,19143,288.7,59,58,64,3,78
523,7,2025-02-08,32076,13.8,1,55,18,93,77
524,10,2025-07-11,31788,339.7,13,41,11,50,21
525,10,2025-10-09,16217,267.1,52,2,42,23,85
526,10,2025-09-07,46644,312.7,18,85,51,80,100
527,4,2024-12-09,15038,192.8,91,20,57,14,48
528,5,2025-10-20,42014,48.0,82,36,64,4,22
529,9,2025-06-16,21172,82.2,46,44,31,63,89
530,13,2024-12-27,40855,296.9,1,90,21,53,74
531,2,2025-05-28,15173,356.7,9,60,50,7,95
532,8,2025-10-16,6013,222.8,49,53,49,70,78
533,4,2024-12-31,37385,107.5,18,36,93,91,33
534,9,2025-03-23,32706,33.6,33,42,96,87,88
535,17,2025-05-13,41064,202.6,90,10,78,100,42
536,20,2025-10-16,122,156.0,64,30,36,100,34
537,2,2025-04-05,3359,54.6,53,3,92,65,23
538,7,2025-10-20,48990,282.0,54,3,16,81,98
539,4,2025-09-14,29590,321.3,81,76,75,44,43
540,7,2025-07-24,33988,230.1,45,84,77,6,62
541,8,2025-01-26,33966,193.8,41,14,96,98,80
542,11,2025-06-18,45040,237.7,36,48,32,39,65
543,2,2025-06-19,42665,275.3,49,95,98,84,93
544,3,2025-05-30,6676,125.1,55,38,5,60,62
545,6,2025-09-13,45539,29.8,46,88,23,77,28
546,15,2025-06-24,9574,236.6,58,3,28,64,24
547,12,2025-07-04,533,97.8,81,70,12,70,49
548,8,2025-07-30,19106,184.2,48,46,67,88,74
549,13,2025-01-10,34577,287.7,29,71,57,24,46
550,18,2025-08-28,38254,280.7,75,19,58,12,44
551,9,2025-04-10,3664,344.6,19,31,38,54,44
552,3,2025-05-29,41758,142.3,23,21,2,3,55
553,2,2025-10-07,23684,211.6,89,53,23,68,94
554,20,2025-09-13,17109,1.5,66,59,100,67,77
555,9,2024-12-26,24508,162.7,95,7,58,32,59
556,16,2025-01-02,29675,247.8,43,78,87,71,5
557,8,2024-11-28,42890,179.8,18,58,37,18,12
558,11,2025-10-02,44844,328.8,50,14,79,31,100
559,14,2025-09-05,13797,65.7,4,73,85,33,16
560,13,2025-10-01,17762,122.5,61,62,100,33,43
561,1,2025-08-18,347,137.6,56,59,61,30,11
562,4,2025-06-23,7902,95.5,15,16,91,33,76
563,15,2025-08-29,18934,51.3,67,15,20,95,82
564,5,2025-02-18,10601,319.0,40,30,61,62,100
565,10,2025-03-16,27560,63.7,72,4,82,32,11
566,6,2025-04-06,23686,141.4,96,4,38,27,13
567,8,2024-12-07,49046,195.2,89,33,85,23,17
568,17,2025-05-10,2538,244.0,59,68,44,62,36
569,20,2024-11-25,25290,24.5,19,9,71,45,44
570,19,2024-12-08,47400,62.4,23,65,50,18,3
571,2,2024-12-04,47824,182.1,93,82,22,70,11
572,17,2024-11-22,32823,323.0,51,79,46,79,46
573,20,2025-01-09,47678,262.8,92,70,62,16,71
574,5,2025-01-18,27029,208.7,30,65,36,80,26
575,10,2024-10-28,46099,52.9,24,97,98,96,51
576,12,2025-02-18,23871,96.6,82,6,52,4,33
577,14,2025-09-22,18593,108.7,56,4,74,68,58
578,5,2025-01-01,45212,294.0,55,63,19,12,52
579,12,2025-05-08,46072,73.9,14,73,74,66,62
580,10,2025-07-01,9664,209.2,99,100,17,53,38
581,13,2025-07-31,23778,198.7,39,32,30,97,62
582,3,2025-09-07,15642,27.3,68,75,4,93,46
583,15,2025-05-30,44095,48.7,84,75,52,56,14
584,5,2024-12-05,13470,112.3,88,39,36,89,46
585,11,2025-01-17,18031,77.9,49,82,48,53,32
586,4,2025-08-26,26450,4.9,26,20,31,78,29
587,7,2024-12-03,10513,345.9,77,77,97,93,11
588,14,2024-11-27,3650,173.0,65,3,18,84,30
589,3,2025-09-27,49145,305.2,62,30,48,88,4
590,11,2025-04-15,37822,77.4,55,57,57,63,64
591,6,2025-03-28,19779,308.2,19,63,95,95,70
592,20,2025-07-11,33721,139.8,65,90,65,76,5
593,5,2024-11-02,3211,344.0,11,21,78,97,7
594,9,2025-03-14,4584,62.1,59,7,13,32,82
595,20,2025-03-26,18399,67.9,98,87,35,65,14
596,20,2025-01-16,18476,108.2,48,77,92,43,55
597,14,2024-11-18,9701,126.9,100,65,44,61,78
598,10,2025-04-29,39075,243.2,72,25,30,26,87
599,2,2024-11-28,30711,290.4,54,45,31,4,62
600,18,2025-01-23,18856,261.2,39,44,71,45,21
601,12,2025-09-07,7927,61.1,55,39,2,20,30
602,19,2024-11-06,49665,64.4,84,99,21,36,26
603,18,2024-12-15,24748,264.0,87,25,47,51,5
604,9,2024-12-08,2400,18.0,79,64,24,78,34
605,5,2025-10-21,5487,236.7,87,37,9,27,80
606,7,2025-05-09,17024,152.5,6,31,70,2,42
607,18,2024-10-26,7150,226.4,63,45,14,44,91
608,12,2025-08-03,13479,214.0,3,73,59,44,75
609,14,2025-07-28,4084,178.1,59,42,40,48,73
610,3,2025-08-22,13695,264.5,76,75,12,74,63
611,14,2025-03-17,42029,66.0,19,90,55,26,72
612,17,2025-03-02,44179,52.1,1,35,100,21,20
613,7,2025-03-02,20030,74.2,6,75,57,17,89
614,16,2025-03-02,9563,182.5,92,43,27,10,71
615,3,2025-03-02,35586,284.0,16,95,36,95,20
616,15,2025-07-14,4929,242.7,70,47,27,40,4
617,8,2024-11-07,38322,15.2,26,73,27,55,88
618,1,2024-12-25,30406,329.3,20,66,83,13,38
619,19,2025-03-16,6809,158.9,61,48,3,22,90
620,6,2024-11-23,48132,230.0,85,23,18,17,62
621,13,2025-10-13,40738,121.2,58,42,31,85,86
622,10,2025-02-01,45952,154.7,80,74,67,54,25
623,3,2024-11-14,22896,65.4,54,87,91,71,79
624,20,2025-01-21,24491,348.8,61,8,96,89,53
625,2,2024-12-14,157,7.5,29,67,24,70,53
626,17,2025-05-07,46473,359.0,35,9,91,43,64
627,4,2025-09-16,32999,39.1,97,71,84,63,57
628,7,2025-09-06,3070,322.8,18,28,6,23,99
629,7,2025-08-22,4960,272.5,15,98,85,38,63
630,6,2025-05-11,13769,283.4,52,8,15,83,68
631,17,2025-06-28,18094,43.3,13,16,82,39,97
632,4,2025-05-27,34375,249.8,18,14,4,40,64
633,15,2025-05-30,46403,97.4,72,32,29,69,31
634,2,2025-07-21,5461,206.1,72,30,53,15,95
635,4,2025-04-19,36348,90.1,9,100,13,28,52
636,19,2024-12-19,10704,344.6,67,9,49,30,29
637,14,2024-11-09,15079,166.9,98,76,45,76,25
638,2,2025-01-16,6844,333.9,23,29,5,11,91
639,2,2025-05-03,32868,314.3,31,67,26,19,67
640,1,2025-01-01,35696,260.7,59,93,21,71,44
641,1,2024-11-08,10692,266.5,26,98,94,98,9
642,9,2025-07-06,11139,131.1,7,93,49,54,21
643,18,2025-03-05,39155,237.2,15,74,2,9,16
644,1,2025-02-11,1653,243.6,14,67,23,62,19
645,14,2025-10-18,35068,53.8,59,25,4,47,85
646,5,2024-12-25,11840,44.2,22,59,24,58,41
647,12,2025-08-28,28524,29.4,32,16,22,1,28
648,7,2025-06-05,6049,337.5,36,84,92,37,74
649,14,2025-01-21,42953,187.9,62,71,9,69,70
650,14,2024-12-09,40203,246.1,33,52,21,37,80
651,1,2025-04-05,48361,52.5,39,85,54,12,42
652,19,2024-12-19,31126,154.8,49,33,14,10,59
653,15,2024-11-09,16018,313.2,78,2,72,71,8
654,1,2025-08-30,20117,154.1,45,7,69,80,74
655,18,2024-10-26,8551,145.7,17,70,71,59,90
656,16,2024-10-27,30941,233.9,88,82,50,75,10
657,3,2024-10-29,1118,238.2,90,32,54,1,17
658,11,2024-11-25,18330,201.4,33,87,19,63,25
659,1,2024-10-27,24246,347.4,33,42,57,20,71
660,2,2024-11-21,35212,166.0,8,18,52,96,69
661,4,2025-08-02,45725,71.2,18,32,75,87,21
662,14,2025-06-09,32918,279.1,62,54,7,52,96
663,5,2025-07-30,31211,78.2,16,89,43,39,69
664,11,2025-08-30,10461,117.1,26,74,57,26,68
665,4,2025-02-18,551,100.6,76,3,92,30,40
666,10,2025-10-22,27870,356.2,49,27,8,67,44
667,9,2024-11-22,25180,92.7,13,39,8,84,13
668,5,2025-10-13,16746,114.5,23,100,84,90,69
669,3,2025-01-16,8477,271.5,42,20,94,99,53
670,20,2025-05-27,11476,197.7,33,18,44,46,39
671,8,2025-05-09,16733,49.9,43,1,35,7,82
672,5,2025-10-07,12840,99.3,45,81,89,72,61
673,5,2025-06-07,19611,98.3,91,26,60,8,59
674,2,2025-07-25,35605,130.7,60,24,84,87,12
675,16,2025-06-10,1396,334.9,70,5,8,71,39
676,13,2025-10-03,10271,340.4,12,51,13,86,11
677,1,2025-04-07,24841,309.1,1,64,43,45,79
678,18,2025-03-13,19629,342.6,66,67,35,5,24
679,10,2024-12-18,33159,99.6,86,45,19,35,33
680,15,2025-10-05,27190,278.1,32,36,20,82,52
681,3,2025-06-25,43352,168.1,95,94,13,65,64
682,12,2025-02-27,16471,359.8,96,56,10,30,91
683,8,2024-12-31,7078,208.5,95,100,84,90,51
684,17,2025-04-02,11155,315.8,96,17,77,72,35
685,3,2025-05-30,16705,18.4,83,4,60,22,39
686,14,2025-08-17,1582,335.4,61,26,98,20,23
687,1,2024-12-02,18201,169.5,2,74,58,89,17
688,3,2025-09-26,26222,173.5,69,20,41,94,10
689,12,2025-10-20,22091,358.0,51,32,9,49,27
690,3,2025-03-21,25462,213.3,50,67,33,40,75
691,10,2024-11-03,21141,244.9,45,46,78,20,80
692,20,2024-11-25,41866,201.0,23,11,93,93,87
693,15,2025-06-29,32387,144.5,45,59,29,76,9
694,9,2025-07-03,47360,34.2,5,60,40,82,76
695,9,2024-12-30,10283,23.9,84,75,49,58,24
696,3,2025-01-25,20928,356.1,41,2,57,7,59
697,1,2025-04-11,26460,234.6,78,26,61,1,36
698,15,2025-05-30,26301,95.0,53,98,52,27,8
699,14,2025-08-23,2142,236.5,24,41,72,26,27
700,15,2025-10-22,44747,278.5,57,37,22,82,18
701,12,2024-11-13,368,115.1,41,55,18,65,18
702,17,2025-06-29,28785,179.6,62,33,55,96,69
703,16,2025-09-12,4036,26.6,31,59,6,70,88
704,1,2024-11-27,25261,179.6,77,18,36,52,25
705,18,2025-09-15,33850,27.2,46,70,100,21,98
706,19,2025-02-07,36601,205.3,89,1,93,30,96
707,9,2025-09-11,36252,84.4,99,39,93,39,39
708,17,2025-02-09,5660,41.4,61,70,91,43,53
709,16,2025-09-08,20593,46.5,56,62,20,89,93
710,12,2025-02-13,30958,33.1,69,88,25,2,46
711,8,2024-11-18,22872,4.5,34,21,25,62,64
712,18,2025-10-08,47561,54.0,98,93,54,12,78
713,5,2025-05-12,29327,337.8,12,64,12,63,5
714,6,2025-02-09,26828,190.6,98,40,42,68,45
715,8,2024-12-30,25715,117.1,91,45,10,36,25
716,19,2025-06-27,16654,136.4,92,51,95,89,83
717,19,2025-03-30,48203,89.6,36,66,64,24,47
718,7,2025-05-28,34071,24.1,22,40,6,40,66
719,3,2024-11-02,49661,201.7,39,72,44,6,87
720,2,2025-07-23,49248,317.8,11,11,65,10,72
721,19,2025-02-12,15629,237.4,32,17,33,5,18
722,7,2024-11-05,24811,60.3,50,58,23,25,28
723,10,2025-10-19,26703,86.1,99,61,17,67,97
724,2,2024-11-10,42473,223.8,68,74,71,87,42
725,20,2024-11-18,4286,58.5,25,72,1,48,91
726,11,2025-02-07,15545,287.5,12,29,73,98,77
727,7,2025-06-14,479,100.5,78,80,20,19,22
728,12,2025-06-06,36720,245.7,75,48,47,50,50
729,1,2025-04-26,30824,151.8,56,19,33,46,25
730,10,2025-04-09,42515,263.1,54,13,87,9,81
731,14,2025-06-22,8245,312.4,95,91,53,60,31
732,1,2025-10-21,29286,187.7,48,40,82,65,66
733,19,2025-02-24,17232,346.5,81,34,62,57,63
734,11,2025-10-12,6615,144.8,44,26,26,93,90
735,12,2025-06-23,6244,219.9,7,95,19,76,71
736,8,2025-10-04,9056,200.8,51,95,56,55,32
737,15,2025-07-12,18944,205.6,27,76,73,38,44
738,15,2025-06-14,17534,158.2,53,88,3,92,30
739,1,2025-03-18,43612,271.2,24,3,58,88,46
740,11,2024-12-11,16694,358.2,38,57,80,31,29
741,15,2025-08-12,20583,45.8,65,11,28,100,63
742,18,2025-01-31,42069,230.8,71,71,13,59,45
743,18,2025-07-21,11453,32.6,69,35,30,77,80
744,12,2025-10-08,5416,262.9,90,12,3,84,31
745,19,2025-03-22,11405,67.1,51,99,95,73,19
746,12,2024-12-20,9294,24.1,53,98,71,3,78
747,20,2024-12-11,10641,154.9,91,77,4,22,68
748,17,2025-10-11,28209,229.3,22,22,6,87,76
749,7,2024-11-08,11652,62.3,88,29,65,68,69
750,5,2025-09-01,26163,240.2,22,29,69,15,65
751,19,2025-04-21,47008,38.0,77,97,58,44,83
752,15,2025-03-23,49399,74.5,24,86,45,34,54
753,17,2025-03-30,11338,127.4,94,62,65,47,46
754,5,2024-10-31,42663,105.1,1,91,73,30,92
755,15,2025-06-30,21451,32.1,96,89,39,95,96
756,6,2025-01-24,35316,228.6,99,41,25,82,27
757,12,2024-11-20,30373,166.6,97,28,49,6,33
758,13,2024-12-14,32192,295.4,9,88,87,18,39
759,16,2025-02-15,39551,281.9,31,91,26,92,18
760,8,2024-12-02,23275,90.2,59,98,62,65,2
761,3,2024-11-01,39572,290.4,79,4,29,55,48
762,5,2025-03-31,44576,241.3,50,55,11,34,11
763,14,2025-10-14,1886,250.0,38,61,92,58,41
764,19,2025-02-04,37370,130.6,88,33,9,43,2
765,19,2025-10-06,42589,154.9,49,98,33,22,35
766,8,2025-01-02,32101,64.6,11,40,45,70,83
767,2,2025-07-11,45969,173.6,84,87,64,81,60
768,15,2025-06-17,44525,262.6,94,89,78,15,89
769,12,2025-09-21,45921,167.5,84,72,22,87,56
770,5,2025-02-05,26768,152.2,45,27,28,38,93
771,17,2024-12-11,35451,349.0,8,57,49,5,96
772,19,2025-02-17,39919,182.7,23,79,33,63,86
773,14,2025-09-14,38422,68.1,80,73,57,86,5
774,20,2025-08-03,23914,129.3,83,10,76,81,5
775,4,2025-02-18,39101,212.8,7,50,85,73,63
776,14,2024-12-30,47482,299.6,91,15,56,59,25
777,3,2025-07-07,27869,43.1,65,33,17,68,83
778,6,2025-10-16,17645,120.1,28,70,99,39,33
779,15,2025-01-30,10487,212.1,91,6,17,75,73
780,2,2025-03-25,38401,29.8,24,32,13,85,35
781,2,2025-03-31,1048,297.6,91,27,75,55,60
782,18,2025-10-09,840,155.8,32,44,57,67,89
783,6,2025-02-21,31623,202.1,23,18,76,37,92
784,1,2025-04-06,21212,115.2,11,93,12,97,54
785,11,2025-03-27,26823,250.7,32,28,36,15,81
786,15,2025-01-03,2444,214.5,66,97,69,70,62
787,15,2025-07-12,16070,10.0,35,35,44,74,1
788,4,2025-06-27,42560,96.6,49,55,90,13,86
789,8,2025-02-10,43318,30.9,20,97,41,54,26
790,2,2025-05-03,14971,327.9,79,93,45,28,1
791,7,2025-01-10,45726,69.4,16,24,3,83,5
792,3,2025-09-16,10860,357.0,29,93,29,48,8
793,12,2024-11-18,36040,234.7,92,76,60,54,22
794,11,2025-04-28,43870,185.1,1,45,70,34,32
795,5,2025-10-18,30705,84.6,1,40,53,90,7
796,5,2025-02-28,17271,203.5,15,60,48,91,15
797,4,2025-05-30,37854,161.0,64,30,38,98,39
798,2,2025-06-18,38901,137.1,68,23,77,100,32
799,10,2024-11-12,34433,346.2,100,2,83,38,79
800,13,2025-07-14,2955,47.3,63,77,38,49,63
801,3,2025-01-17,29295,342.3,12,11,90,51,53
802,7,2025-06-08,24921,9.2,11,60,63,19,53
803,19,2025-01-28,34900,74.1,8,77,6,74,40
804,16,2025-08-01,31258,207.6,11,74,20,8,61
805,7,2025-03-19,26426,351.4,70,23,46,52,42
806,16,2025-09-09,39382,161.7,42,66,19,26,2
807,1,2025-02-01,37178,11.1,93,56,42,9,41
808,2,2025-04-11,1487,176.6,19,98,58,80,92
809,3,2024-11-09,35700,218.2,9,9,39,5,18
810,7,2024-11-16,38335,103.2,34,80,77,93,70
811,11,2025-08-26,24159,109.3,47,7,10,15,68
812,11,2025-06-02,41197,83.0,73,5,42,66,38
813,20,2024-12-19,26207,264.9,75,76,93,12,70
814,16,2024-11-27,2313,49.9,87,41,21,98,62
815,17,2024-12-21,6984,352.4,54,7,33,19,63
816,13,2025-06-18,31838,276.3,94,73,94,10,74
817,11,2025-01-23,16754,226.7,82,22,63,33,15
818,9,2025-04-01,44574,99.4,100,95,49,18,37
819,11,2025-10-08,22495,162.8,74,54,62,72,100
820,2,2025-01-06,35414,256.7,76,75,61,49,63
821,20,2025-06-29,27523,295.7,9,59,58,48,95
822,5,2025-02-04,37030,131.3,95,69,86,60,27
823,20,2024-11-10,7576,25.1,49,59,14,52,84
824,16,2025-01-25,1999,224.3,49,28,27,75,44
825,13,2025-07-15,49006,48.5,70,90,32,34,83
826,20,2025-10-03,34098,217.4,41,71,50,57,75
827,14,2025-01-26,41788,68.6,39,50,59,31,20
828,5,2025-09-01,42183,243.7,6,24,71,49,58
829,7,2024-11-07,23606,46.5,12,65,21,12,55
830,17,2024-12-02,41693,153.5,93,25,43,14,91
831,14,2025-03-30,39229,60.5,62,48,11,47,61
832,14,2025-03-24,21926,168.4,87,7,94,80,83
833,12,2025-03-20,25112,62.4,18,94,34,79,60
834,4,2024-12-04,46436,353.5,6,91,75,17,18
835,14,2025-06-28,22193,299.3,43,76,11,100,56
836,9,2025-04-15,16446,274.6,79,49,67,17,41
837,1,2025-09-10,32370,234.0,89,96,28,29,73
838,2,2025-07-25,43777,119.4,79,35,80,69,83
839,12,2025-06-22,30211,36.3,16,92,83,74,55
840,20,2025-08-11,21839,45.6,38,73,33,33,25
841,2,2025-08-14,38920,203.2,45,52,76,57,81
842,16,2025-09-09,21684,198.0,96,43,19,68,26
843,19,2025-04-02,15639,140.5,6,95,5,72,50
844,11,2025-03-20,18604,286.5,56,90,42,58,77
845,5,2025-06-16,17420,302.0,65,23,14,51,30
846,4,2025-01-03,4926,221.5,76,95,50,29,74
847,18,2025-08-05,13691,47.5,21,49,1,62,15
848,4,2025-06-07,33223,94.9,13,61,20,53,53
849,5,2025-07-21,47189,213.4,93,77,69,1,65
850,13,2025-01-20,2025,43.0,55,19,42,25,17
851,8,2025-06-28,35738,288.5,42,38,41,1,4
852,8,2025-06-14,14042,20.6,41,72,62,72,93
853,5,2024-10-26,19711,96.6,46,35,68,73,24
854,4,2024-12-05,42925,1.9,67,4,33,65,90
855,9,2025-01-16,1933,330.2,86,12,20,89,55
856,8,2024-10-25,5341,323.6,52,59,73,11,5
857,5,2025-05-02,33180,349.9,76,74,82,32,23
858,8,2025-08-23,3472,126.1,85,94,18,26,13
859,3,2025-04-02,45407,259.5,52,100,95,33,100
860,13,2025-08-19,46390,58.1,47,40,69,40,92
861,14,2025-05-30,18804,250.1,79,31,58,79,2
862,16,2025-08-17,35948,118.2,32,97,26,61,62
863,15,2025-02-03,48967,93.5,75,26,39,79,95
864,18,2025-07-12,47736,222.8,37,72,63,87,4
865,14,2024-11-19,39074,325.6,46,47,12,60,20
866,17,2025-07-19,4382,186.3,79,9,47,32,48
867,19,2025-04-23,27216,296.5,95,41,65,61,82
868,11,2025-07-20,5595,59.8,91,22,41,14,27
869,20,2025-04-01,21149,224.7,18,19,53,95,44
870,3,2025-08-09,23433,135.6,13,5,97,62,77
871,2,2024-11-12,46018,132.5,32,16,73,88,8
872,10,2025-04-29,36594,96.3,80,63,24,19,88
873,11,2025-03-17,34120,71.5,1,33,7,95,2
874,6,2025-10-17,1944,199.0,22,12,72,34,85
875,9,2025-02-06,34300,356.6,93,20,56,81,97
876,20,2025-09-29,2425,129.0,57,60,67,100,45
877,2,2024-12-16,44902,145.8,7,92,53,63,28
878,6,2025-01-29,33591,10.4,24,48,28,97,17
879,8,2025-08-11,9804,260.5,3,9,29,57,10
880,15,2025-04-08,28670,175.1,37,15,5,84,82
881,15,2024-11-26,6570,206.2,23,7,99,41,51
882,6,2025-06-11,40082,220.1,84,53,46,56,70
883,14,2025-05-28,24416,311.7,89,79,11,11,79
884,16,2025-04-07,5188,153.6,98,71,25,56,48
885,8,2024-12-03,17483,80.3,67,63,45,7,10
886,7,2025-02-19,11721,247.3,49,36,45,18,81
887,13,2025-05-20,446,236.2,10,15,96,63,22
888,7,2025-04-08,4175,274.4,96,99,52,13,67
889,14,2025-07-03,15969,356.5,81,22,81,33,91
890,10,2025-03-02,24890,57.4,47,47,20,11,35
891,7,2025-08-10,43293,254.0,15,22,70,33,88
892,16,2025-01-07,30585,175.7,61,38,46,47,65
893,19,2024-12-04,38272,124.2,70,94,30,75,64
894,3,2025-04-01,40277,41.9,35,95,1,51,21
895,5,2025-05-04,32470,151.3,70,89,4,24,42
896,14,2025-07-07,47332,131.7,28,62,4,50,9
897,15,2025-02-14,7630,110.1,38,38,85,7,44
898,4,2024-11-20,782,263.6,8,81,97,48,37
899,2,2025-02-10,23706,258.4,90,77,58,4,54
900,16,2025-06-01,29395,57.0,48,20,26,46,7
901,17,2024-12-25,16030,209.6,44,58,56,24,63
902,11,2025-05-12,42301,357.8,41,11,95,56,39
903,2,2025-09-24,25617,105.8,72,59,58,6,78
904,16,2025-02-27,30315,178.7,76,54,25,37,72
905,2,2025-08-04,10943,316.2,4,79,95,48,74
906,20,2025-03-30,28229,348.0,28,77,27,3,76
907,4,2025-08-11,35138,257.5,31,47,89,67,8
908,11,2024-11-02,421,258.0,35,33,81,20,31
909,17,2024-12-09,14584,105.1,70,63,91,19,82
910,7,2025-09-29,45751,288.0,77,75,27,74,28
911,6,2024-11-01,12443,42.8,58,44,58,20,43
912,16,2025-09-25,29743,353.8,91,47,95,2,18
913,1,2024-12-13,11262,333.8,2,19,22,14,42
914,15,2025-05-20,24718,353.5,99,77,22,99,38
915,20,2025-04-11,32825,360.0,55,6,6,16,20
916,7,2024-12-18,23608,14.7,74,14,37,29,58
917,17,2025-07-19,14666,83.4,26,36,46,19,99
918,1,2025-10-01,2801,357.3,45,96,91,24,65
919,6,2025-08-30,23820,182.5,13,97,45,33,66
920,15,2025-05-04,4602,271.3,81,98,14,33,2
921,5,2025-05-26,16940,288.4,3,91,50,21,10
922,8,2025-05-16,10684,214.7,80,93,87,86,75
923,7,2024-11-20,36569,144.8,13,53,67,95,92
924,17,2024-11-17,152,197.2,86,18,46,63,89
925,11,2025-09-29,13248,257.2,71,23,18,59,89
926,7,2025-02-04,36112,45.7,79,95,11,54,96
927,7,2024-11-15,43667,305.0,32,56,98,4,86
928,15,2025-02-02,16614,314.1,68,16,88,69,88
929,2,2024-12-16,11726,112.3,96,13,34,91,38
930,8,2024-11-29,43465,314.6,58,34,32,46,72
931,8,2024-12-25,18829,135.7,90,93,25,73,23
932,17,2024-10-27,29153,183.2,28,19,27,25,60
933,1,2025-02-23,35041,239.3,22,18,98,52,84
934,18,2025-08-25,45339,126.6,44,91,14,98,62
935,16,2025-09-27,12960,286.1,83,78,49,71,64
936,6,2024-11-02,31718,324.6,24,31,1,49,86
937,13,2025-06-09,38301,93.0,10,83,86,31,81
938,14,2024-11-28,19679,60.9,21,86,97,33,52
939,5,2025-07-22,9629,236.2,38,28,87,68,52
940,1,2025-01-23,20258,353.2,57,94,82,13,76
941,2,2025-08-17,2885,108.6,87,36,40,60,73
942,15,2025-01-15,621,187.5,1,72,50,40,91
943,10,2025-02-17,20810,338.7,21,78,80,66,70
944,3,2025-02-22,5695,313.5,78,4,70,44,76
945,17,2025-08-24,9443,162.9,20,13,67,64,43
946,10,2025-07-15,22781,107.6,5,77,77,29,99
947,3,2024-11-03,4626,354.3,73,69,100,48,50
948,14,2025-09-16,23389,180.5,13,88,95,30,97
949,10,2025-09-07,41118,170.5,82,22,37,55,36
950,9,2024-12-02,36174,136.8,59,36,93,58,45
951,16,2025-01-02,36212,272.9,41,21,19,37,94
952,20,2025-03-21,48965,159.5,49,27,71,63,86
953,12,2025-05-23,10839,357.4,13,91,40,1,7
954,14,2025-05-22,24389,272.1,98,90,9,63,82
955,7,2025-05-10,6972,232.6,21,55,25,57,90
956,3,2025-02-11,40476,120.2,99,69,42,37,72
957,10,2025-07-29,4690,155.1,86,34,21,57,8
958,15,2025-07-17,36062,347.4,38,53,97,75,26
959,12,2024-12-11,21021,327.7,42,13,71,87,35
960,12,2025-09-21,25468,138.1,57,48,2,98,39
961,20,2025-09-12,21947,221.5,73,19,66,8,12
962,10,2025-03-06,1158,350.0,62,65,5,94,45
963,2,2025-09-25,2399,130.2,100,84,82,31,9
964,5,2025-09-16,45780,269.3,1,37,46,23,91
965,6,2025-03-26,44029,268.2,16,71,24,47,35
966,15,2024-12-12,12210,47.0,44,34,41,100,98
967,19,2025-03-05,21940,265.8,85,37,6,64,83
968,11,2025-02-27,26721,321.7,36,87,100,41,83
969,1,2025-06-21,21781,107.2,100,3,85,8,72
970,14,2025-06-04,4935,337.6,86,24,62,13,55
971,9,2025-05-01,48817,224.6,11,33,93,55,16
972,5,2024-11-12,8062,318.8,31,2,68,62,76
973,20,2025-06-24,10428,254.1,34,71,53,65,29
974,13,2025-08-16,29941,104.9,9,66,86,37,8
975,12,2025-07-21,17820,130.5,46,87,76,93,38
976,12,2025-03-01,36837,188.9,40,81,97,20,10
977,11,2025-07-27,12844,161.1,8,73,67,52,23
978,3,2025-06-01,34247,57.8,16,13,62,3,97
979,3,2024-12-18,19237,41.8,27,85,60,66,100
980,10,2025-06-06,30697,217.3,49,64,4,23,38
981,12,2025-04-21,49338,155.4,26,55,40,59,91
982,11,2025-10-04,10781,254.9,35,20,88,37,11
983,5,2024-12-26,25081,44.9,22,29,36,53,65
984,13,2025-04-09,6119,182.9,30,79,11,94,59
985,19,2025-04-14,28992,162.9,61,32,22,97,17
986,10,2025-06-28,46132,315.4,11,47,8,81,14
987,15,2025-02-09,9032,151.4,94,43,20,30,89
988,18,2025-01-13,47188,1.6,53,9,64,83,51
989,3,2025-03-26,42940,148.5,12,79,42,35,23
990,2,2025-07-01,23848,73.2,92,18,79,70,22
991,10,2025-04-10,7930,45.8,58,71,92,20,77
992,3,2025-10-06,41320,224.7,90,82,36,79,21
993,3,2025-06-12,43792,178.2,26,76,29,29,29
994,7,2024-12-02,42406,94.3,25,42,10,80,16
995,11,2024-12-04,11490,241.8,38,39,31,59,55
996,15,2025-07-28,22476,114.3,48,61,4,100,39
997,15,2024-11-12,24030,48.1,10,37,76,39,77
998,12,2025-01-21,23232,198.6,52,92,75,1,29
999,2,2025-09-01,27314,267.5,8,24,47,21,2
1000,20,2025-05-03,14264,260.0,1,84,49,54,7
