prosthesis_id,metric_timestamp,force_newtons,force_direction,acceleration_x,acceleration_y,acceleration_z,temperature_celsius,battery_level_percent,username,age,sensor_name,sensor_type,installed_at
2,2025-05-20,22653,199.2,40,17,27,59,56,prothetic1,21,Sensor B,EEG,2023-12-02 10:15:00
2,2025-05-28,9189,50.4,99,28,79,74,16,prothetic1,21,Sensor B,EEG,2023-12-02 10:15:00
2,2025-09-27,14748,26.8,32,85,80,76,29,prothetic1,21,Sensor B,EEG,2023-12-02 10:15:00
2,2025-03-07,23601,329.7,70,26,72,22,18,prothetic1,21,Sensor B,EEG,2023-12-02 10:15:00
2,2025-07-29,40173,233.3,59,89,29,81,23,prothetic1,21,Sensor B,EEG,2023-12-02 10:15:00
2,2025-10-14,31124,246.8,34,52,42,66,11,prothetic1,21,Sensor B,EEG,2023-12-02 10:15:00
2,2025-06-07,30027,192.2,3,95,77,70,6,prothetic1,21,Sensor B,EEG,2023-12-02 10:15:00
2,2025-08-21,19000,271.3,86,1,78,75,35,prothetic1,21,Sensor B,EEG,2023-12-02 10:15:00
2,2024-10-26,35987,19.8,75,6,49,94,69,prothetic1,21,Sensor B,EEG,2023-12-02 10:15:00
2,2025-04-12,8874,94.4,7,72,4,97,93,prothetic1,21,Sensor B,EEG,2023-12-02 10:15:00
2,2025-07-21,30352,1.6,96,52,71,20,20,prothetic1,21,Sensor B,EEG,2023-12-02 10:15:00
2,2025-02-10,33951,105.3,41,67,44,76,99,prothetic1,21,Sensor B,EEG,2023-12-02 10:15:00
2,2025-08-02,17446,322.7,31,72,87,95,23,prothetic1,21,Sensor B,EEG,2023-12-02 10:15:00
2,2025-08-31,22308,26.6,38,1,49,87,39,prothetic1,21,Sensor B,EEG,2023-12-02 10:15:00
2,2025-03-30,36416,229.9,62,44,36,30,83,prothetic1,21,Sensor B,EEG,2023-12-02 10:15:00
2,2025-03-23,39793,273.4,34,27,29,70,86,prothetic1,21,Sensor B,EEG,2023-12-02 10:15:00
2,2025-05-30,44704,74.9,68,27,54,47,83,prothetic1,21,Sensor B,EEG,2023-12-02 10:15:00
2,2025-08-22,7329,13.8,84,57,57,69,66,prothetic1,21,Sensor B,EEG,2023-12-02 10:15:00
2,2025-09-15,23160,57.0,86,63,89,13,8,prothetic1,21,Sensor B,EEG,2023-12-02 10:15:00
2,2025-06-28,20188,47.8,37,2,86,54,41,prothetic1,21,Sensor B,EEG,2023-12-02 10:15:00
2,2025-04-19,4912,338.2,34,89,67,10,31,prothetic1,21,Sensor B,EEG,2023-12-02 10:15:00
2,2025-02-15,24298,53.9,72,61,25,92,23,prothetic1,21,Sensor B,EEG,2023-12-02 10:15:00
2,2025-02-28,44143,295.5,52,92,49,94,21,prothetic1,21,Sensor B,EEG,2023-12-02 10:15:00
2,2025-09-30,22575,218.2,94,1,23,80,15,prothetic1,21,Sensor B,EEG,2023-12-02 10:15:00
2,2025-10-09,9915,349.0,49,51,88,23,78,prothetic1,21,Sensor B,EEG,2023-12-02 10:15:00
2,2025-02-18,47594,75.6,64,33,75,46,53,prothetic1,21,Sensor B,EEG,2023-12-02 10:15:00
2,2025-02-17,29738,190.4,61,85,62,68,40,prothetic1,21,Sensor B,EEG,2023-12-02 10:15:00
2,2025-01-15,9279,150.9,10,1,69,42,12,prothetic1,21,Sensor B,EEG,2023-12-02 10:15:00
2,2025-03-02,15340,103.9,62,15,79,20,76,prothetic1,21,Sensor B,EEG,2023-12-02 10:15:00
2,2025-04-13,11706,264.8,35,22,3,16,54,prothetic1,21,Sensor B,EEG,2023-12-02 10:15:00
2,2024-12-09,32371,234.6,37,69,11,98,52,prothetic1,21,Sensor B,EEG,2023-12-02 10:15:00
2,2025-01-16,32514,229.0,56,88,86,89,56,prothetic1,21,Sensor B,EEG,2023-12-02 10:15:00
2,2025-01-13,27727,325.6,26,71,30,96,86,prothetic1,21,Sensor B,EEG,2023-12-02 10:15:00
2,2025-05-28,15173,356.7,9,60,50,7,95,prothetic1,21,Sensor B,EEG,2023-12-02 10:15:00
2,2025-04-05,3359,54.6,53,3,92,65,23,prothetic1,21,Sensor B,EEG,2023-12-02 10:15:00
2,2025-06-19,42665,275.3,49,95,98,84,93,prothetic1,21,Sensor B,EEG,2023-12-02 10:15:00
2,2025-10-07,23684,211.6,89,53,23,68,94,prothetic1,21,Sensor B,EEG,2023-12-02 10:15:00
2,2024-12-04,47824,182.1,93,82,22,70,11,prothetic1,21,Sensor B,EEG,2023-12-02 10:15:00
2,2024-11-28,30711,290.4,54,45,31,4,62,prothetic1,21,Sensor B,EEG,2023-12-02 10:15:00
2,2024-12-14,157,7.5,29,67,24,70,53,prothetic1,21,Sensor B,EEG,2023-12-02 10:15:00
2,2025-07-21,5461,206.1,72,30,53,15,95,prothetic1,21,Sensor B,EEG,2023-12-02 10:15:00
2,2025-01-16,6844,333.9,23,29,5,11,91,prothetic1,21,Sensor B,EEG,2023-12-02 10:15:00
2,2025-05-03,32868,314.3,31,67,26,19,67,prothetic1,21,Sensor B,EEG,2023-12-02 10:15:00
2,2024-11-21,35212,166.0,8,18,52,96,69,prothetic1,21,Sensor B,EEG,2023-12-02 10:15:00
2,2025-07-25,35605,130.7,60,24,84,87,12,prothetic1,21,Sensor B,EEG,2023-12-02 10:15:00
2,2025-07-23,49248,317.8,11,11,65,10,72,prothetic1,21,Sensor B,EEG,2023-12-02 10:15:00
2,2024-11-10,42473,223.8,68,74,71,87,42,prothetic1,21,Sensor B,EEG,2023-12-02 10:15:00
2,2025-07-11,45969,173.6,84,87,64,81,60,prothetic1,21,Sensor B,EEG,2023-12-02 10:15:00
2,2025-03-25,38401,29.8,24,32,13,85,35,prothetic1,21,Sensor B,EEG,2023-12-02 10:15:00
2,2025-03-31,1048,297.6,91,27,75,55,60,prothetic1,21,Sensor B,EEG,2023-12-02 10:15:00
2,2025-05-03,14971,327.9,79,93,45,28,1,prothetic1,21,Sensor B,EEG,2023-12-02 10:15:00
2,2025-06-18,38901,137.1,68,23,77,100,32,prothetic1,21,Sensor B,EEG,2023-12-02 10:15:00
2,2025-04-11,1487,176.6,19,98,58,80,92,prothetic1,21,Sensor B,EEG,2023-12-02 10:15:00
2,2025-01-06,35414,256.7,76,75,61,49,63,prothetic1,21,Sensor B,EEG,2023-12-02 10:15:00
2,2025-07-25,43777,119.4,79,35,80,69,83,prothetic1,21,Sensor B,EEG,2023-12-02 10:15:00
2,2025-08-14,38920,203.2,45,52,76,57,81,prothetic1,21,Sensor B,EEG,2023-12-02 10:15:00
2,2024-11-12,46018,132.5,32,16,73,88,8,prothetic1,21,Sensor B,EEG,2023-12-02 10:15:00
2,2024-12-16,44902,145.8,7,92,53,63,28,prothetic1,21,Sensor B,EEG,2023-12-02 10:15:00
2,2025-02-10,23706,258.4,90,77,58,4,54,prothetic1,21,Sensor B,EEG,2023-12-02 10:15:00
2,2025-09-24,25617,105.8,72,59,58,6,78,prothetic1,21,Sensor B,EEG,2023-12-02 10:15:00
2,2025-08-04,10943,316.2,4,79,95,48,74,prothetic1,21,Sensor B,EEG,2023-12-02 10:15:00
2,2024-12-16,11726,112.3,96,13,34,91,38,prothetic1,21,Sensor B,EEG,2023-12-02 10:15:00
2,2025-08-17,2885,108.6,87,36,40,60,73,prothetic1,21,Sensor B,EEG,2023-12-02 10:15:00
2,2025-09-25,2399,130.2,100,84,82,31,9,prothetic1,21,Sensor B,EEG,2023-12-02 10:15:00
2,2025-07-01,23848,73.2,92,18,79,70,22,prothetic1,21,Sensor B,EEG,2023-12-02 10:15:00
2,2025-09-01,27314,267.5,8,24,47,21,2,prothetic1,21,Sensor B,EEG,2023-12-02 10:15:00
9,2025-06-21,11488,297.9,72,90,51,57,39,user2,35,Sensor I,VRP,2023-12-09 12:40:00
9,2025-09-26,31931,323.9,50,12,38,15,2,user2,35,Sensor I,VRP,2023-12-09 12:40:00
9,2025-02-20,22435,183.9,20,51,5,54,95,user2,35,Sensor I,VRP,2023-12-09 12:40:00
9,2025-04-25,31040,289.7,78,11,42,62,87,user2,35,Sensor I,VRP,2023-12-09 12:40:00
9,2025-02-28,46620,176.4,87,19,48,43,35,user2,35,Sensor I,VRP,2023-12-09 12:40:00
9,2025-06-13,18020,141.2,90,35,90,92,73,user2,35,Sensor I,VRP,2023-12-09 12:40:00
9,2025-02-23,44389,211.8,32,27,87,30,51,user2,35,Sensor I,VRP,2023-12-09 12:40:00
9,2025-09-27,22354,170.1,92,14,78,66,40,user2,35,Sensor I,VRP,2023-12-09 12:40:00
9,2025-03-26,41325,12.9,71,66,68,23,11,user2,35,Sensor I,VRP,2023-12-09 12:40:00
9,2025-08-01,49067,325.2,3,78,92,43,17,user2,35,Sensor I,VRP,2023-12-09 12:40:00
9,2025-05-12,31085,28.2,37,22,77,7,41,user2,35,Sensor I,VRP,2023-12-09 12:40:00
9,2024-11-09,1789,114.6,69,51,91,32,70,user2,35,Sensor I,VRP,2023-12-09 12:40:00
9,2025-02-06,691,224.2,81,14,54,62,70,user2,35,Sensor I,VRP,2023-12-09 12:40:00
9,2025-06-02,22539,122.4,42,14,97,98,7,user2,35,Sensor I,VRP,2023-12-09 12:40:00
9,2025-06-15,22963,165.8,48,41,5,22,20,user2,35,Sensor I,VRP,2023-12-09 12:40:00
9,2025-05-28,20127,2.2,2,76,60,69,54,user2,35,Sensor I,VRP,2023-12-09 12:40:00
9,2024-11-13,34853,322.4,60,22,71,24,60,user2,35,Sensor I,VRP,2023-12-09 12:40:00
9,2025-07-27,20922,329.3,49,30,69,72,12,user2,35,Sensor I,VRP,2023-12-09 12:40:00
9,2024-12-11,26310,155.9,66,37,17,33,31,user2,35,Sensor I,VRP,2023-12-09 12:40:00
9,2025-01-31,45237,315.8,31,62,64,4,33,user2,35,Sensor I,VRP,2023-12-09 12:40:00
9,2025-05-13,29736,179.8,62,14,51,96,34,user2,35,Sensor I,VRP,2023-12-09 12:40:00
9,2025-09-04,24250,162.4,51,2,12,86,3,user2,35,Sensor I,VRP,2023-12-09 12:40:00
9,2025-09-06,32967,212.7,7,20,5,41,87,user2,35,Sensor I,VRP,2023-12-09 12:40:00
9,2025-01-01,35824,4.7,61,37,55,75,74,user2,35,Sensor I,VRP,2023-12-09 12:40:00
9,2025-08-25,5511,125.5,62,60,18,76,67,user2,35,Sensor I,VRP,2023-12-09 12:40:00
9,2025-08-19,9155,164.0,15,37,45,1,45,user2,35,Sensor I,VRP,2023-12-09 12:40:00
9,2025-04-05,932,284.8,87,48,9,78,46,user2,35,Sensor I,VRP,2023-12-09 12:40:00
9,2025-09-25,39265,102.9,23,71,46,93,50,user2,35,Sensor I,VRP,2023-12-09 12:40:00
9,2025-04-09,18014,302.1,53,93,41,23,6,user2,35,Sensor I,VRP,2023-12-09 12:40:00
9,2025-09-01,6008,273.0,99,73,34,93,92,user2,35,Sensor I,VRP,2023-12-09 12:40:00
9,2024-12-10,14141,62.0,68,42,30,99,72,user2,35,Sensor I,VRP,2023-12-09 12:40:00
9,2025-01-02,2544,90.8,58,68,40,46,37,user2,35,Sensor I,VRP,2023-12-09 12:40:00
9,2025-06-16,21172,82.2,46,44,31,63,89,user2,35,Sensor I,VRP,2023-12-09 12:40:00
9,2025-03-23,32706,33.6,33,42,96,87,88,user2,35,Sensor I,VRP,2023-12-09 12:40:00
9,2025-04-10,3664,344.6,19,31,38,54,44,user2,35,Sensor I,VRP,2023-12-09 12:40:00
9,2024-12-26,24508,162.7,95,7,58,32,59,user2,35,Sensor I,VRP,2023-12-09 12:40:00
9,2025-03-14,4584,62.1,59,7,13,32,82,user2,35,Sensor I,VRP,2023-12-09 12:40:00
9,2024-12-08,2400,18.0,79,64,24,78,34,user2,35,Sensor I,VRP,2023-12-09 12:40:00
9,2025-07-06,11139,131.1,7,93,49,54,21,user2,35,Sensor I,VRP,2023-12-09 12:40:00
9,2024-11-22,25180,92.7,13,39,8,84,13,user2,35,Sensor I,VRP,2023-12-09 12:40:00
9,2025-07-03,47360,34.2,5,60,40,82,76,user2,35,Sensor I,VRP,2023-12-09 12:40:00
9,2024-12-30,10283,23.9,84,75,49,58,24,user2,35,Sensor I,VRP,2023-12-09 12:40:00
9,2025-09-11,36252,84.4,99,39,93,39,39,user2,35,Sensor I,VRP,2023-12-09 12:40:00
9,2025-04-01,44574,99.4,100,95,49,18,37,user2,35,Sensor I,VRP,2023-12-09 12:40:00
9,2025-04-15,16446,274.6,79,49,67,17,41,user2,35,Sensor I,VRP,2023-12-09 12:40:00
9,2025-01-16,1933,330.2,86,12,20,89,55,user2,35,Sensor I,VRP,2023-12-09 12:40:00
9,2025-02-06,34300,356.6,93,20,56,81,97,user2,35,Sensor I,VRP,2023-12-09 12:40:00
9,2024-12-02,36174,136.8,59,36,93,58,45,user2,35,Sensor I,VRP,2023-12-09 12:40:00
9,2025-05-01,48817,224.6,11,33,93,55,16,user2,35,Sensor I,VRP,2023-12-09 12:40:00
5,2024-10-24,27840,206.6,82,2,48,58,44,protethic3,42,Sensor E,RLG,2023-12-05 15:20:00
5,2025-05-23,49823,274.9,58,60,99,11,38,protethic3,42,Sensor E,RLG,2023-12-05 15:20:00
5,2025-06-11,30310,96.7,94,5,59,38,4,protethic3,42,Sensor E,RLG,2023-12-05 15:20:00
5,2025-08-27,27583,231.1,41,56,80,47,76,protethic3,42,Sensor E,RLG,2023-12-05 15:20:00
5,2025-04-17,8950,233.8,68,16,68,52,40,protethic3,42,Sensor E,RLG,2023-12-05 15:20:00
5,2024-10-29,25500,196.9,23,32,17,96,14,protethic3,42,Sensor E,RLG,2023-12-05 15:20:00
5,2025-02-11,10820,359.8,6,94,38,28,2,protethic3,42,Sensor E,RLG,2023-12-05 15:20:00
5,2025-06-17,13180,149.2,13,45,9,87,9,protethic3,42,Sensor E,RLG,2023-12-05 15:20:00
5,2024-12-09,9262,314.7,60,34,23,62,81,protethic3,42,Sensor E,RLG,2023-12-05 15:20:00
5,2025-09-13,30990,26.8,80,89,93,54,23,protethic3,42,Sensor E,RLG,2023-12-05 15:20:00
5,2024-10-29,34139,203.3,22,5,100,48,19,protethic3,42,Sensor E,RLG,2023-12-05 15:20:00
5,2025-05-28,22851,308.4,70,43,43,37,25,protethic3,42,Sensor E,RLG,2023-12-05 15:20:00
5,2025-09-28,11430,344.0,39,93,20,65,17,protethic3,42,Sensor E,RLG,2023-12-05 15:20:00
5,2025-08-30,740,189.0,5,32,49,52,88,protethic3,42,Sensor E,RLG,2023-12-05 15:20:00
5,2024-10-27,40666,89.6,14,40,63,11,65,protethic3,42,Sensor E,RLG,2023-12-05 15:20:00
5,2025-04-06,3589,332.9,73,24,28,84,76,protethic3,42,Sensor E,RLG,2023-12-05 15:20:00
5,2025-06-28,3688,230.4,80,51,13,82,47,protethic3,42,Sensor E,RLG,2023-12-05 15:20:00
5,2025-08-24,14894,184.1,25,53,27,82,99,protethic3,42,Sensor E,RLG,2023-12-05 15:20:00
5,2025-07-27,17350,133.5,35,62,6,70,52,protethic3,42,Sensor E,RLG,2023-12-05 15:20:00
5,2025-02-15,2571,279.0,76,79,17,61,82,protethic3,42,Sensor E,RLG,2023-12-05 15:20:00
5,2025-07-31,517,207.8,25,81,79,60,99,protethic3,42,Sensor E,RLG,2023-12-05 15:20:00
5,2025-09-05,38018,217.1,86,87,80,54,70,protethic3,42,Sensor E,RLG,2023-12-05 15:20:00
5,2025-01-19,21762,117.3,48,1,84,39,63,protethic3,42,Sensor E,RLG,2023-12-05 15:20:00
5,2025-06-16,4759,57.7,37,23,93,1,20,protethic3,42,Sensor E,RLG,2023-12-05 15:20:00
5,2025-05-28,31679,37.7,66,42,62,88,97,protethic3,42,Sensor E,RLG,2023-12-05 15:20:00
5,2025-05-02,38562,126.3,55,59,88,38,45,protethic3,42,Sensor E,RLG,2023-12-05 15:20:00
5,2025-01-11,19388,212.2,83,7,97,71,56,protethic3,42,Sensor E,RLG,2023-12-05 15:20:00
5,2025-03-30,38343,103.0,44,52,48,29,17,protethic3,42,Sensor E,RLG,2023-12-05 15:20:00
5,2025-01-10,41892,290.0,96,31,45,85,13,protethic3,42,Sensor E,RLG,2023-12-05 15:20:00
5,2025-10-20,42014,48.0,82,36,64,4,22,protethic3,42,Sensor E,RLG,2023-12-05 15:20:00
5,2025-02-18,10601,319.0,40,30,61,62,100,protethic3,42,Sensor E,RLG,2023-12-05 15:20:00
5,2025-01-18,27029,208.7,30,65,36,80,26,protethic3,42,Sensor E,RLG,2023-12-05 15:20:00
5,2025-01-01,45212,294.0,55,63,19,12,52,protethic3,42,Sensor E,RLG,2023-12-05 15:20:00
5,2024-12-05,13470,112.3,88,39,36,89,46,protethic3,42,Sensor E,RLG,2023-12-05 15:20:00
5,2024-11-02,3211,344.0,11,21,78,97,7,protethic3,42,Sensor E,RLG,2023-12-05 15:20:00
5,2025-10-21,5487,236.7,87,37,9,27,80,protethic3,42,Sensor E,RLG,2023-12-05 15:20:00
5,2024-12-25,11840,44.2,22,59,24,58,41,protethic3,42,Sensor E,RLG,2023-12-05 15:20:00
5,2025-07-30,31211,78.2,16,89,43,39,69,protethic3,42,Sensor E,RLG,2023-12-05 15:20:00
5,2025-10-13,16746,114.5,23,100,84,90,69,protethic3,42,Sensor E,RLG,2023-12-05 15:20:00
5,2025-10-07,12840,99.3,45,81,89,72,61,protethic3,42,Sensor E,RLG,2023-12-05 15:20:00
5,2025-06-07,19611,98.3,91,26,60,8,59,protethic3,42,Sensor E,RLG,2023-12-05 15:20:00
5,2025-05-12,29327,337.8,12,64,12,63,5,protethic3,42,Sensor E,RLG,2023-12-05 15:20:00
5,2025-09-01,26163,240.2,22,29,69,15,65,protethic3,42,Sensor E,RLG,2023-12-05 15:20:00
5,2024-10-31,42663,105.1,1,91,73,30,92,protethic3,42,Sensor E,RLG,2023-12-05 15:20:00
5,2025-03-31,44576,241.3,50,55,11,34,11,protethic3,42,Sensor E,RLG,2023-12-05 15:20:00
5,2025-02-05,26768,152.2,45,27,28,38,93,protethic3,42,Sensor E,RLG,2023-12-05 15:20:00
5,2025-10-18,30705,84.6,1,40,53,90,7,protethic3,42,Sensor E,RLG,2023-12-05 15:20:00
5,2025-02-28,17271,203.5,15,60,48,91,15,protethic3,42,Sensor E,RLG,2023-12-05 15:20:00
5,2025-02-04,37030,131.3,95,69,86,60,27,protethic3,42,Sensor E,RLG,2023-12-05 15:20:00
5,2025-09-01,42183,243.7,6,24,71,49,58,protethic3,42,Sensor E,RLG,2023-12-05 15:20:00
5,2025-06-16,17420,302.0,65,23,14,51,30,protethic3,42,Sensor E,RLG,2023-12-05 15:20:00
5,2025-07-21,47189,213.4,93,77,69,1,65,protethic3,42,Sensor E,RLG,2023-12-05 15:20:00
5,2024-10-26,19711,96.6,46,35,68,73,24,protethic3,42,Sensor E,RLG,2023-12-05 15:20:00
5,2025-05-02,33180,349.9,76,74,82,32,23,protethic3,42,Sensor E,RLG,2023-12-05 15:20:00
5,2025-05-04,32470,151.3,70,89,4,24,42,protethic3,42,Sensor E,RLG,2023-12-05 15:20:00
5,2025-05-26,16940,288.4,3,91,50,21,10,protethic3,42,Sensor E,RLG,2023-12-05 15:20:00
5,2025-07-22,9629,236.2,38,28,87,68,52,protethic3,42,Sensor E,RLG,2023-12-05 15:20:00
5,2025-09-16,45780,269.3,1,37,46,23,91,protethic3,42,Sensor E,RLG,2023-12-05 15:20:00
5,2024-11-12,8062,318.8,31,2,68,62,76,protethic3,42,Sensor E,RLG,2023-12-05 15:20:00
5,2024-12-26,25081,44.9,22,29,36,53,65,protethic3,42,Sensor E,RLG,2023-12-05 15:20:00
8,2025-01-07,41356,136.0,95,47,21,51,50,user1,24,Sensor H,BLT,2023-12-08 16:05:00
8,2025-08-11,37517,48.7,3,71,63,69,9,user1,24,Sensor H,BLT,2023-12-08 16:05:00
8,2025-07-23,29087,238.4,37,1,97,5,9,user1,24,Sensor H,BLT,2023-12-08 16:05:00
8,2025-07-04,5666,57.4,93,84,96,8,50,user1,24,Sensor H,BLT,2023-12-08 16:05:00
8,2025-01-16,43958,140.6,35,12,80,70,4,user1,24,Sensor H,BLT,2023-12-08 16:05:00
8,2025-01-26,28934,181.3,49,97,83,12,63,user1,24,Sensor H,BLT,2023-12-08 16:05:00
8,2025-08-10,11657,294.0,20,77,11,22,95,user1,24,Sensor H,BLT,2023-12-08 16:05:00
8,2025-06-06,20091,258.9,45,95,96,47,49,user1,24,Sensor H,BLT,2023-12-08 16:05:00
8,2025-10-16,16823,195.1,44,22,28,81,67,user1,24,Sensor H,BLT,2023-12-08 16:05:00
8,2025-04-01,45890,49.1,43,7,10,24,30,user1,24,Sensor H,BLT,2023-12-08 16:05:00
8,2024-11-29,14736,330.6,27,21,92,72,79,user1,24,Sensor H,BLT,2023-12-08 16:05:00
8,2025-10-11,34293,92.9,11,22,36,1,76,user1,24,Sensor H,BLT,2023-12-08 16:05:00
8,2024-12-22,48829,353.5,41,90,98,9,74,user1,24,Sensor H,BLT,2023-12-08 16:05:00
8,2025-02-16,5371,297.9,31,40,80,75,44,user1,24,Sensor H,BLT,2023-12-08 16:05:00
8,2025-04-13,9152,235.1,5,43,45,88,15,user1,24,Sensor H,BLT,2023-12-08 16:05:00
8,2024-11-05,5918,151.3,62,68,39,32,74,user1,24,Sensor H,BLT,2023-12-08 16:05:00
8,2025-06-06,31378,291.6,45,20,51,73,43,user1,24,Sensor H,BLT,2023-12-08 16:05:00
8,2025-05-29,39893,239.0,90,28,35,85,93,user1,24,Sensor H,BLT,2023-12-08 16:05:00
8,2025-06-22,25700,30.4,57,69,49,74,87,user1,24,Sensor H,BLT,2023-12-08 16:05:00
8,2025-03-24,31280,349.9,2,78,45,25,78,user1,24,Sensor H,BLT,2023-12-08 16:05:00
8,2025-01-14,3483,260.0,27,61,7,32,8,user1,24,Sensor H,BLT,2023-12-08 16:05:00
8,2025-09-17,13836,286.4,35,100,84,53,73,user1,24,Sensor H,BLT,2023-12-08 16:05:00
8,2025-04-10,13031,190.9,67,26,76,78,67,user1,24,Sensor H,BLT,2023-12-08 16:05:00
8,2024-11-02,1091,69.1,56,79,21,63,23,user1,24,Sensor H,BLT,2023-12-08 16:05:00
8,2025-10-16,6013,222.8,49,53,49,70,78,user1,24,Sensor H,BLT,2023-12-08 16:05:00
8,2025-01-26,33966,193.8,41,14,96,98,80,user1,24,Sensor H,BLT,2023-12-08 16:05:00
8,2025-07-30,19106,184.2,48,46,67,88,74,user1,24,Sensor H,BLT,2023-12-08 16:05:00
8,2024-11-28,42890,179.8,18,58,37,18,12,user1,24,Sensor H,BLT,2023-12-08 16:05:00
8,2024-12-07,49046,195.2,89,33,85,23,17,user1,24,Sensor H,BLT,2023-12-08 16:05:00
8,2024-11-07,38322,15.2,26,73,27,55,88,user1,24,Sensor H,BLT,2023-12-08 16:05:00
8,2025-05-09,16733,49.9,43,1,35,7,82,user1,24,Sensor H,BLT,2023-12-08 16:05:00
8,2024-12-31,7078,208.5,95,100,84,90,51,user1,24,Sensor H,BLT,2023-12-08 16:05:00
8,2024-11-18,22872,4.5,34,21,25,62,64,user1,24,Sensor H,BLT,2023-12-08 16:05:00
8,2024-12-30,25715,117.1,91,45,10,36,25,user1,24,Sensor H,BLT,2023-12-08 16:05:00
8,2025-10-04,9056,200.8,51,95,56,55,32,user1,24,Sensor H,BLT,2023-12-08 16:05:00
8,2024-12-02,23275,90.2,59,98,62,65,2,user1,24,Sensor H,BLT,2023-12-08 16:05:00
8,2025-01-02,32101,64.6,11,40,45,70,83,user1,24,Sensor H,BLT,2023-12-08 16:05:00
8,2025-02-10,43318,30.9,20,97,41,54,26,user1,24,Sensor H,BLT,2023-12-08 16:05:00
8,2025-06-28,35738,288.5,42,38,41,1,4,user1,24,Sensor H,BLT,2023-12-08 16:05:00
8,2025-06-14,14042,20.6,41,72,62,72,93,user1,24,Sensor H,BLT,2023-12-08 16:05:00
8,2024-10-25,5341,323.6,52,59,73,11,5,user1,24,Sensor H,BLT,2023-12-08 16:05:00
8,2025-08-23,3472,126.1,85,94,18,26,13,user1,24,Sensor H,BLT,2023-12-08 16:05:00
8,2025-08-11,9804,260.5,3,9,29,57,10,user1,24,Sensor H,BLT,2023-12-08 16:05:00
8,2024-12-03,17483,80.3,67,63,45,7,10,user1,24,Sensor H,BLT,2023-12-08 16:05:00
8,2025-05-16,10684,214.7,80,93,87,86,75,user1,24,Sensor H,BLT,2023-12-08 16:05:00
8,2024-11-29,43465,314.6,58,34,32,46,72,user1,24,Sensor H,BLT,2023-12-08 16:05:00
8,2024-12-25,18829,135.7,90,93,25,73,23,user1,24,Sensor H,BLT,2023-12-08 16:05:00
7,2025-09-13,8469,51.6,89,69,61,21,1,user1,24,Sensor G,BLT,2023-12-07 13:10:00
7,2024-11-04,13122,17.5,83,58,29,44,99,user1,24,Sensor G,BLT,2023-12-07 13:10:00
7,2025-04-06,23208,19.1,87,80,6,29,31,user1,24,Sensor G,BLT,2023-12-07 13:10:00
7,2025-05-08,44148,239.5,58,94,9,9,67,user1,24,Sensor G,BLT,2023-12-07 13:10:00
7,2024-11-18,42271,169.5,78,94,96,100,82,user1,24,Sensor G,BLT,2023-12-07 13:10:00
7,2025-04-26,48815,153.4,26,50,29,29,26,user1,24,Sensor G,BLT,2023-12-07 13:10:00
7,2025-01-05,27836,103.4,90,53,22,12,53,user1,24,Sensor G,BLT,2023-12-07 13:10:00
7,2025-02-28,14800,260.1,9,55,77,35,61,user1,24,Sensor G,BLT,2023-12-07 13:10:00
7,2024-12-13,33648,114.3,26,89,75,26,47,user1,24,Sensor G,BLT,2023-12-07 13:10:00
7,2025-02-28,5995,331.7,53,97,49,69,24,user1,24,Sensor G,BLT,2023-12-07 13:10:00
7,2025-01-26,46424,239.6,7,94,4,66,66,user1,24,Sensor G,BLT,2023-12-07 13:10:00
7,2025-09-17,6214,85.6,81,1,68,8,21,user1,24,Sensor G,BLT,2023-12-07 13:10:00
7,2025-05-16,8356,310.5,91,25,45,70,15,user1,24,Sensor G,BLT,2023-12-07 13:10:00
7,2024-12-13,39336,184.3,64,85,34,53,85,user1,24,Sensor G,BLT,2023-12-07 13:10:00
7,2025-09-07,11252,164.8,21,65,2,35,56,user1,24,Sensor G,BLT,2023-12-07 13:10:00
7,2025-06-16,40759,310.1,92,76,73,94,8,user1,24,Sensor G,BLT,2023-12-07 13:10:00
7,2024-12-19,40455,76.6,7,92,98,70,32,user1,24,Sensor G,BLT,2023-12-07 13:10:00
7,2025-03-03,6363,143.9,100,13,44,10,12,user1,24,Sensor G,BLT,2023-12-07 13:10:00
7,2024-12-28,49022,273.1,83,7,56,55,44,user1,24,Sensor G,BLT,2023-12-07 13:10:00
7,2025-04-02,30774,137.9,90,71,59,63,5,user1,24,Sensor G,BLT,2023-12-07 13:10:00
7,2025-10-20,43753,175.1,92,64,43,44,70,user1,24,Sensor G,BLT,2023-12-07 13:10:00
7,2025-01-26,20199,103.0,52,95,63,71,94,user1,24,Sensor G,BLT,2023-12-07 13:10:00
7,2025-06-17,24392,272.8,51,65,5,88,69,user1,24,Sensor G,BLT,2023-12-07 13:10:00
7,2025-10-01,34482,126.6,37,86,90,86,88,user1,24,Sensor G,BLT,2023-12-07 13:10:00
7,2025-07-21,40119,48.9,63,86,76,63,11,user1,24,Sensor G,BLT,2023-12-07 13:10:00
7,2025-02-08,32076,13.8,1,55,18,93,77,user1,24,Sensor G,BLT,2023-12-07 13:10:00
7,2025-10-20,48990,282.0,54,3,16,81,98,user1,24,Sensor G,BLT,2023-12-07 13:10:00
7,2025-07-24,33988,230.1,45,84,77,6,62,user1,24,Sensor G,BLT,2023-12-07 13:10:00
7,2024-12-03,10513,345.9,77,77,97,93,11,user1,24,Sensor G,BLT,2023-12-07 13:10:00
7,2025-05-09,17024,152.5,6,31,70,2,42,user1,24,Sensor G,BLT,2023-12-07 13:10:00
7,2025-03-02,20030,74.2,6,75,57,17,89,user1,24,Sensor G,BLT,2023-12-07 13:10:00
7,2025-09-06,3070,322.8,18,28,6,23,99,user1,24,Sensor G,BLT,2023-12-07 13:10:00
7,2025-08-22,4960,272.5,15,98,85,38,63,user1,24,Sensor G,BLT,2023-12-07 13:10:00
7,2025-06-05,6049,337.5,36,84,92,37,74,user1,24,Sensor G,BLT,2023-12-07 13:10:00
7,2025-05-28,34071,24.1,22,40,6,40,66,user1,24,Sensor G,BLT,2023-12-07 13:10:00
7,2024-11-05,24811,60.3,50,58,23,25,28,user1,24,Sensor G,BLT,2023-12-07 13:10:00
7,2025-06-14,479,100.5,78,80,20,19,22,user1,24,Sensor G,BLT,2023-12-07 13:10:00
7,2024-11-08,11652,62.3,88,29,65,68,69,user1,24,Sensor G,BLT,2023-12-07 13:10:00
7,2025-01-10,45726,69.4,16,24,3,83,5,user1,24,Sensor G,BLT,2023-12-07 13:10:00
7,2025-06-08,24921,9.2,11,60,63,19,53,user1,24,Sensor G,BLT,2023-12-07 13:10:00
7,2025-03-19,26426,351.4,70,23,46,52,42,user1,24,Sensor G,BLT,2023-12-07 13:10:00
7,2024-11-16,38335,103.2,34,80,77,93,70,user1,24,Sensor G,BLT,2023-12-07 13:10:00
7,2024-11-07,23606,46.5,12,65,21,12,55,user1,24,Sensor G,BLT,2023-12-07 13:10:00
7,2025-02-19,11721,247.3,49,36,45,18,81,user1,24,Sensor G,BLT,2023-12-07 13:10:00
7,2025-04-08,4175,274.4,96,99,52,13,67,user1,24,Sensor G,BLT,2023-12-07 13:10:00
7,2025-08-10,43293,254.0,15,22,70,33,88,user1,24,Sensor G,BLT,2023-12-07 13:10:00
7,2025-09-29,45751,288.0,77,75,27,74,28,user1,24,Sensor G,BLT,2023-12-07 13:10:00
7,2024-12-18,23608,14.7,74,14,37,29,58,user1,24,Sensor G,BLT,2023-12-07 13:10:00
7,2024-11-20,36569,144.8,13,53,67,95,92,user1,24,Sensor G,BLT,2023-12-07 13:10:00
7,2025-02-04,36112,45.7,79,95,11,54,96,user1,24,Sensor G,BLT,2023-12-07 13:10:00
7,2024-11-15,43667,305.0,32,56,98,4,86,user1,24,Sensor G,BLT,2023-12-07 13:10:00
7,2025-05-10,6972,232.6,21,55,25,57,90,user1,24,Sensor G,BLT,2023-12-07 13:10:00
7,2024-12-02,42406,94.3,25,42,10,80,16,user1,24,Sensor G,BLT,2023-12-07 13:10:00
3,2025-10-03,37219,335.5,59,26,62,4,12,protethic2,45,Sensor C,ESR,2023-12-03 14:30:00
3,2024-12-25,13944,96.8,28,18,7,61,60,protethic2,45,Sensor C,ESR,2023-12-03 14:30:00
3,2025-05-13,23551,113.0,5,94,29,60,56,protethic2,45,Sensor C,ESR,2023-12-03 14:30:00
3,2025-09-15,26153,35.1,98,89,86,53,7,protethic2,45,Sensor C,ESR,2023-12-03 14:30:00
3,2025-08-08,42583,80.3,74,22,65,35,64,protethic2,45,Sensor C,ESR,2023-12-03 14:30:00
3,2025-10-18,2404,186.9,79,86,46,31,35,protethic2,45,Sensor C,ESR,2023-12-03 14:30:00
3,2025-07-15,42206,121.4,14,57,33,84,26,protethic2,45,Sensor C,ESR,2023-12-03 14:30:00
3,2025-01-29,33525,324.3,97,40,23,46,7,protethic2,45,Sensor C,ESR,2023-12-03 14:30:00
3,2025-07-14,21100,85.5,53,15,26,80,17,protethic2,45,Sensor C,ESR,2023-12-03 14:30:00
3,2025-09-16,42748,350.6,34,55,10,13,20,protethic2,45,Sensor C,ESR,2023-12-03 14:30:00
3,2025-05-10,30502,280.0,88,12,69,49,30,protethic2,45,Sensor C,ESR,2023-12-03 14:30:00
3,2025-04-02,14500,306.2,5,84,5,7,8,protethic2,45,Sensor C,ESR,2023-12-03 14:30:00
3,2025-03-21,37808,192.4,83,33,30,51,91,protethic2,45,Sensor C,ESR,2023-12-03 14:30:00
3,2024-11-08,42430,83.4,20,79,64,65,21,protethic2,45,Sensor C,ESR,2023-12-03 14:30:00
3,2025-09-05,33071,217.0,60,23,29,31,32,protethic2,45,Sensor C,ESR,2023-12-03 14:30:00
3,2025-01-13,10134,278.2,77,42,11,96,97,protethic2,45,Sensor C,ESR,2023-12-03 14:30:00
3,2025-03-19,15472,350.6,4,98,86,96,20,protethic2,45,Sensor C,ESR,2023-12-03 14:30:00
3,2025-03-23,20600,121.2,21,71,74,33,56,protethic2,45,Sensor C,ESR,2023-12-03 14:30:00
3,2025-07-04,12254,276.7,84,5,60,63,64,protethic2,45,Sensor C,ESR,2023-12-03 14:30:00
3,2025-02-01,13677,289.3,65,70,76,7,41,protethic2,45,Sensor C,ESR,2023-12-03 14:30:00
3,2024-12-18,32815,199.4,19,9,78,7,95,protethic2,45,Sensor C,ESR,2023-12-03 14:30:00
3,2025-05-07,49161,230.2,12,39,60,75,76,protethic2,45,Sensor C,ESR,2023-12-03 14:30:00
3,2025-07-25,4024,304.7,15,32,26,47,18,protethic2,45,Sensor C,ESR,2023-12-03 14:30:00
3,2025-08-02,20391,149.1,74,98,51,68,6,protethic2,45,Sensor C,ESR,2023-12-03 14:30:00
3,2025-05-07,42607,320.1,85,40,31,9,44,protethic2,45,Sensor C,ESR,2023-12-03 14:30:00
3,2025-03-01,8223,8.4,65,73,40,2,27,protethic2,45,Sensor C,ESR,2023-12-03 14:30:00
3,2025-03-02,33411,351.2,36,37,42,57,100,protethic2,45,Sensor C,ESR,2023-12-03 14:30:00
3,2025-03-19,29313,215.5,94,54,96,97,45,protethic2,45,Sensor C,ESR,2023-12-03 14:30:00
3,2025-07-24,38936,188.3,36,52,5,14,52,protethic2,45,Sensor C,ESR,2023-12-03 14:30:00
3,2024-11-16,18191,139.6,71,51,64,8,7,protethic2,45,Sensor C,ESR,2023-12-03 14:30:00
3,2025-08-08,36768,15.4,7,71,64,87,26,protethic2,45,Sensor C,ESR,2023-12-03 14:30:00
3,2025-05-30,6676,125.1,55,38,5,60,62,protethic2,45,Sensor C,ESR,2023-12-03 14:30:00
3,2025-05-29,41758,142.3,23,21,2,3,55,protethic2,45,Sensor C,ESR,2023-12-03 14:30:00
3,2025-09-07,15642,27.3,68,75,4,93,46,protethic2,45,Sensor C,ESR,2023-12-03 14:30:00
3,2025-09-27,49145,305.2,62,30,48,88,4,protethic2,45,Sensor C,ESR,2023-12-03 14:30:00
3,2025-08-22,13695,264.5,76,75,12,74,63,protethic2,45,Sensor C,ESR,2023-12-03 14:30:00
3,2025-03-02,35586,284.0,16,95,36,95,20,protethic2,45,Sensor C,ESR,2023-12-03 14:30:00
3,2024-11-14,22896,65.4,54,87,91,71,79,protethic2,45,Sensor C,ESR,2023-12-03 14:30:00
3,2024-10-29,1118,238.2,90,32,54,1,17,protethic2,45,Sensor C,ESR,2023-12-03 14:30:00
3,2025-01-16,8477,271.5,42,20,94,99,53,protethic2,45,Sensor C,ESR,2023-12-03 14:30:00
3,2025-06-25,43352,168.1,95,94,13,65,64,protethic2,45,Sensor C,ESR,2023-12-03 14:30:00
3,2025-05-30,16705,18.4,83,4,60,22,39,protethic2,45,Sensor C,ESR,2023-12-03 14:30:00
3,2025-09-26,26222,173.5,69,20,41,94,10,protethic2,45,Sensor C,ESR,2023-12-03 14:30:00
3,2025-03-21,25462,213.3,50,67,33,40,75,protethic2,45,Sensor C,ESR,2023-12-03 14:30:00
3,2025-01-25,20928,356.1,41,2,57,7,59,protethic2,45,Sensor C,ESR,2023-12-03 14:30:00
3,2024-11-02,49661,201.7,39,72,44,6,87,protethic2,45,Sensor C,ESR,2023-12-03 14:30:00
3,2024-11-01,39572,290.4,79,4,29,55,48,protethic2,45,Sensor C,ESR,2023-12-03 14:30:00
3,2025-07-07,27869,43.1,65,33,17,68,83,protethic2,45,Sensor C,ESR,2023-12-03 14:30:00
3,2025-09-16,10860,357.0,29,93,29,48,8,protethic2,45,Sensor C,ESR,2023-12-03 14:30:00
3,2025-01-17,29295,342.3,12,11,90,51,53,protethic2,45,Sensor C,ESR,2023-12-03 14:30:00
3,2024-11-09,35700,218.2,9,9,39,5,18,protethic2,45,Sensor C,ESR,2023-12-03 14:30:00
3,2025-04-02,45407,259.5,52,100,95,33,100,protethic2,45,Sensor C,ESR,2023-12-03 14:30:00
3,2025-08-09,23433,135.6,13,5,97,62,77,protethic2,45,Sensor C,ESR,2023-12-03 14:30:00
3,2025-04-01,40277,41.9,35,95,1,51,21,protethic2,45,Sensor C,ESR,2023-12-03 14:30:00
3,2025-02-22,5695,313.5,78,4,70,44,76,protethic2,45,Sensor C,ESR,2023-12-03 14:30:00
3,2024-11-03,4626,354.3,73,69,100,48,50,protethic2,45,Sensor C,ESR,2023-12-03 14:30:00
3,2025-02-11,40476,120.2,99,69,42,37,72,protethic2,45,Sensor C,ESR,2023-12-03 14:30:00
3,2025-06-01,34247,57.8,16,13,62,3,97,protethic2,45,Sensor C,ESR,2023-12-03 14:30:00
3,2024-12-18,19237,41.8,27,85,60,66,100,protethic2,45,Sensor C,ESR,2023-12-03 14:30:00
3,2025-03-26,42940,148.5,12,79,42,35,23,protethic2,45,Sensor C,ESR,2023-12-03 14:30:00
3,2025-10-06,41320,224.7,90,82,36,79,21,protethic2,45,Sensor C,ESR,2023-12-03 14:30:00
3,2025-06-12,43792,178.2,26,76,29,29,29,protethic2,45,Sensor C,ESR,2023-12-03 14:30:00
6,2025-06-22,17019,166.5,28,43,59,85,32,protethic3,42,Sensor F,TSP,2023-12-06 08:55:00
6,2025-01-24,44777,169.6,37,6,85,13,49,protethic3,42,Sensor F,TSP,2023-12-06 08:55:00
6,2025-02-15,22771,109.8,61,48,89,32,40,protethic3,42,Sensor F,TSP,2023-12-06 08:55:00
6,2025-09-06,11861,332.2,33,95,52,86,17,protethic3,42,Sensor F,TSP,2023-12-06 08:55:00
6,2025-09-14,49515,33.3,72,64,85,45,87,protethic3,42,Sensor F,TSP,2023-12-06 08:55:00
6,2025-06-03,8431,303.4,18,51,3,82,80,protethic3,42,Sensor F,TSP,2023-12-06 08:55:00
6,2025-09-18,27338,329.1,17,25,56,5,5,protethic3,42,Sensor F,TSP,2023-12-06 08:55:00
6,2025-07-24,32375,107.9,92,47,72,41,40,protethic3,42,Sensor F,TSP,2023-12-06 08:55:00
6,2025-06-02,13254,192.6,3,80,48,42,88,protethic3,42,Sensor F,TSP,2023-12-06 08:55:00
6,2025-08-29,37944,0.6,13,88,50,41,10,protethic3,42,Sensor F,TSP,2023-12-06 08:55:00
6,2024-12-31,19801,158.2,47,86,31,10,74,protethic3,42,Sensor F,TSP,2023-12-06 08:55:00
6,2025-06-19,48577,231.9,42,78,23,96,10,protethic3,42,Sensor F,TSP,2023-12-06 08:55:00
6,2025-10-14,22817,117.7,85,93,98,11,44,protethic3,42,Sensor F,TSP,2023-12-06 08:55:00
6,2025-06-30,40811,220.9,87,66,81,22,21,protethic3,42,Sensor F,TSP,2023-12-06 08:55:00
6,2025-04-11,42480,177.4,82,20,98,15,20,protethic3,42,Sensor F,TSP,2023-12-06 08:55:00
6,2025-07-28,18160,254.6,41,66,21,39,9,protethic3,42,Sensor F,TSP,2023-12-06 08:55:00
6,2025-10-19,43580,9.9,70,10,67,48,33,protethic3,42,Sensor F,TSP,2023-12-06 08:55:00
6,2024-12-21,4499,221.2,83,47,15,16,63,protethic3,42,Sensor F,TSP,2023-12-06 08:55:00
6,2024-12-13,45137,84.2,39,65,19,68,80,protethic3,42,Sensor F,TSP,2023-12-06 08:55:00
6,2025-08-14,5999,87.0,5,62,53,77,39,protethic3,42,Sensor F,TSP,2023-12-06 08:55:00
6,2025-03-02,4992,323.5,51,59,31,89,8,protethic3,42,Sensor F,TSP,2023-12-06 08:55:00
6,2025-02-24,19611,336.1,1,83,64,34,72,protethic3,42,Sensor F,TSP,2023-12-06 08:55:00
6,2025-09-13,45539,29.8,46,88,23,77,28,protethic3,42,Sensor F,TSP,2023-12-06 08:55:00
6,2025-04-06,23686,141.4,96,4,38,27,13,protethic3,42,Sensor F,TSP,2023-12-06 08:55:00
6,2025-03-28,19779,308.2,19,63,95,95,70,protethic3,42,Sensor F,TSP,2023-12-06 08:55:00
6,2024-11-23,48132,230.0,85,23,18,17,62,protethic3,42,Sensor F,TSP,2023-12-06 08:55:00
6,2025-05-11,13769,283.4,52,8,15,83,68,protethic3,42,Sensor F,TSP,2023-12-06 08:55:00
6,2025-02-09,26828,190.6,98,40,42,68,45,protethic3,42,Sensor F,TSP,2023-12-06 08:55:00
6,2025-01-24,35316,228.6,99,41,25,82,27,protethic3,42,Sensor F,TSP,2023-12-06 08:55:00
6,2025-10-16,17645,120.1,28,70,99,39,33,protethic3,42,Sensor F,TSP,2023-12-06 08:55:00
6,2025-02-21,31623,202.1,23,18,76,37,92,protethic3,42,Sensor F,TSP,2023-12-06 08:55:00
6,2025-10-17,1944,199.0,22,12,72,34,85,protethic3,42,Sensor F,TSP,2023-12-06 08:55:00
6,2025-01-29,33591,10.4,24,48,28,97,17,protethic3,42,Sensor F,TSP,2023-12-06 08:55:00
6,2025-06-11,40082,220.1,84,53,46,56,70,protethic3,42,Sensor F,TSP,2023-12-06 08:55:00
6,2024-11-01,12443,42.8,58,44,58,20,43,protethic3,42,Sensor F,TSP,2023-12-06 08:55:00
6,2025-08-30,23820,182.5,13,97,45,33,66,protethic3,42,Sensor F,TSP,2023-12-06 08:55:00
6,2024-11-02,31718,324.6,24,31,1,49,86,protethic3,42,Sensor F,TSP,2023-12-06 08:55:00
6,2025-03-26,44029,268.2,16,71,24,47,35,protethic3,42,Sensor F,TSP,2023-12-06 08:55:00
4,2025-02-26,36318,297.9,54,1,11,85,16,protethic2,45,Sensor D,ESR,2023-12-04 11:45:00
4,2025-09-02,4676,335.9,22,90,78,37,78,protethic2,45,Sensor D,ESR,2023-12-04 11:45:00
4,2025-03-10,2706,157.5,55,87,53,83,61,protethic2,45,Sensor D,ESR,2023-12-04 11:45:00
4,2025-06-01,19940,1.9,35,4,46,55,40,protethic2,45,Sensor D,ESR,2023-12-04 11:45:00
4,2025-07-12,27752,215.2,66,12,17,23,34,protethic2,45,Sensor D,ESR,2023-12-04 11:45:00
4,2025-06-12,11070,222.9,3,10,88,27,14,protethic2,45,Sensor D,ESR,2023-12-04 11:45:00
4,2025-07-17,47923,43.2,67,69,56,37,33,protethic2,45,Sensor D,ESR,2023-12-04 11:45:00
4,2025-08-12,3374,139.7,75,61,23,48,77,protethic2,45,Sensor D,ESR,2023-12-04 11:45:00
4,2025-09-21,6977,10.7,100,80,87,4,32,protethic2,45,Sensor D,ESR,2023-12-04 11:45:00
4,2025-03-08,25773,169.2,51,52,83,47,4,protethic2,45,Sensor D,ESR,2023-12-04 11:45:00
4,2025-04-10,36673,291.0,58,94,19,39,43,protethic2,45,Sensor D,ESR,2023-12-04 11:45:00
4,2024-12-20,42045,291.9,97,80,1,53,27,protethic2,45,Sensor D,ESR,2023-12-04 11:45:00
4,2025-03-15,21779,355.5,63,54,83,68,68,protethic2,45,Sensor D,ESR,2023-12-04 11:45:00
4,2025-03-25,46566,185.8,19,17,45,32,73,protethic2,45,Sensor D,ESR,2023-12-04 11:45:00
4,2024-11-28,25448,158.2,74,10,45,1,35,protethic2,45,Sensor D,ESR,2023-12-04 11:45:00
4,2025-07-12,491,107.9,19,62,8,74,56,protethic2,45,Sensor D,ESR,2023-12-04 11:45:00
4,2025-02-10,20570,108.6,4,97,89,32,60,protethic2,45,Sensor D,ESR,2023-12-04 11:45:00
4,2025-06-13,18730,342.0,22,63,80,71,70,protethic2,45,Sensor D,ESR,2023-12-04 11:45:00
4,2025-09-23,19347,170.7,73,88,19,65,68,protethic2,45,Sensor D,ESR,2023-12-04 11:45:00
4,2025-02-06,41412,175.8,14,14,53,19,94,protethic2,45,Sensor D,ESR,2023-12-04 11:45:00
4,2025-03-04,44094,319.3,29,84,8,13,37,protethic2,45,Sensor D,ESR,2023-12-04 11:45:00
4,2025-03-05,3102,89.3,64,46,10,50,74,protethic2,45,Sensor D,ESR,2023-12-04 11:45:00
4,2025-08-20,41329,10.1,34,72,89,44,99,protethic2,45,Sensor D,ESR,2023-12-04 11:45:00
4,2024-11-16,15530,280.5,44,20,31,81,54,protethic2,45,Sensor D,ESR,2023-12-04 11:45:00
4,2025-02-15,5299,145.2,57,25,68,62,44,protethic2,45,Sensor D,ESR,2023-12-04 11:45:00
4,2025-03-10,9702,226.7,34,85,60,73,52,protethic2,45,Sensor D,ESR,2023-12-04 11:45:00
4,2024-12-23,33427,353.4,68,25,55,35,72,protethic2,45,Sensor D,ESR,2023-12-04 11:45:00
4,2025-08-21,25876,120.7,27,31,87,57,53,protethic2,45,Sensor D,ESR,2023-12-04 11:45:00
4,2025-07-28,22954,116.3,75,39,50,86,41,protethic2,45,Sensor D,ESR,2023-12-04 11:45:00
4,2025-01-12,36335,169.9,81,56,67,25,51,protethic2,45,Sensor D,ESR,2023-12-04 11:45:00
4,2025-04-02,41076,3.9,19,56,58,14,88,protethic2,45,Sensor D,ESR,2023-12-04 11:45:00
4,2025-07-12,6968,125.4,54,9,96,75,26,protethic2,45,Sensor D,ESR,2023-12-04 11:45:00
4,2025-01-24,5196,314.0,32,90,21,82,61,protethic2,45,Sensor D,ESR,2023-12-04 11:45:00
4,2025-03-28,37203,159.9,51,76,46,10,90,protethic2,45,Sensor D,ESR,2023-12-04 11:45:00
4,2024-12-09,15038,192.8,91,20,57,14,48,protethic2,45,Sensor D,ESR,2023-12-04 11:45:00
4,2024-12-31,37385,107.5,18,36,93,91,33,protethic2,45,Sensor D,ESR,2023-12-04 11:45:00
4,2025-09-14,29590,321.3,81,76,75,44,43,protethic2,45,Sensor D,ESR,2023-12-04 11:45:00
4,2025-06-23,7902,95.5,15,16,91,33,76,protethic2,45,Sensor D,ESR,2023-12-04 11:45:00
4,2025-08-26,26450,4.9,26,20,31,78,29,protethic2,45,Sensor D,ESR,2023-12-04 11:45:00
4,2025-09-16,32999,39.1,97,71,84,63,57,protethic2,45,Sensor D,ESR,2023-12-04 11:45:00
4,2025-05-27,34375,249.8,18,14,4,40,64,protethic2,45,Sensor D,ESR,2023-12-04 11:45:00
4,2025-04-19,36348,90.1,9,100,13,28,52,protethic2,45,Sensor D,ESR,2023-12-04 11:45:00
4,2025-08-02,45725,71.2,18,32,75,87,21,protethic2,45,Sensor D,ESR,2023-12-04 11:45:00
4,2025-02-18,551,100.6,76,3,92,30,40,protethic2,45,Sensor D,ESR,2023-12-04 11:45:00
4,2025-02-18,39101,212.8,7,50,85,73,63,protethic2,45,Sensor D,ESR,2023-12-04 11:45:00
4,2025-06-27,42560,96.6,49,55,90,13,86,protethic2,45,Sensor D,ESR,2023-12-04 11:45:00
4,2025-05-30,37854,161.0,64,30,38,98,39,protethic2,45,Sensor D,ESR,2023-12-04 11:45:00
4,2024-12-04,46436,353.5,6,91,75,17,18,protethic2,45,Sensor D,ESR,2023-12-04 11:45:00
4,2025-01-03,4926,221.5,76,95,50,29,74,protethic2,45,Sensor D,ESR,2023-12-04 11:45:00
4,2025-06-07,33223,94.9,13,61,20,53,53,protethic2,45,Sensor D,ESR,2023-12-04 11:45:00
4,2024-12-05,42925,1.9,67,4,33,65,90,protethic2,45,Sensor D,ESR,2023-12-04 11:45:00
4,2024-11-20,782,263.6,8,81,97,48,37,protethic2,45,Sensor D,ESR,2023-12-04 11:45:00
4,2025-08-11,35138,257.5,31,47,89,67,8,protethic2,45,Sensor D,ESR,2023-12-04 11:45:00
10,2025-06-27,1190,53.2,16,96,98,75,54,user2,35,Sensor J,KST,2023-12-10 14:55:00
10,2025-01-16,42971,355.2,1,43,24,1,40,user2,35,Sensor J,KST,2023-12-10 14:55:00
10,2025-08-08,24489,193.4,42,64,66,15,55,user2,35,Sensor J,KST,2023-12-10 14:55:00
10,2025-01-30,12532,50.5,67,9,90,99,38,user2,35,Sensor J,KST,2023-12-10 14:55:00
10,2025-10-14,46067,88.8,13,10,7,32,67,user2,35,Sensor J,KST,2023-12-10 14:55:00
10,2025-07-26,4434,35.4,8,98,11,81,36,user2,35,Sensor J,KST,2023-12-10 14:55:00
10,2025-04-24,21519,345.1,87,65,39,73,90,user2,35,Sensor J,KST,2023-12-10 14:55:00
10,2024-12-18,14876,108.3,43,76,20,60,93,user2,35,Sensor J,KST,2023-12-10 14:55:00
10,2024-11-18,20664,288.1,98,80,78,2,76,user2,35,Sensor J,KST,2023-12-10 14:55:00
10,2024-12-28,10716,4.9,11,81,61,57,37,user2,35,Sensor J,KST,2023-12-10 14:55:00
10,2025-09-10,7306,162.4,76,92,91,23,70,user2,35,Sensor J,KST,2023-12-10 14:55:00
10,2025-07-03,7465,358.5,74,46,77,54,54,user2,35,Sensor J,KST,2023-12-10 14:55:00
10,2025-02-28,23104,133.9,70,26,28,61,51,user2,35,Sensor J,KST,2023-12-10 14:55:00
10,2024-12-22,40718,25.7,28,41,19,66,50,user2,35,Sensor J,KST,2023-12-10 14:55:00
10,2025-04-24,38322,132.8,8,95,69,75,72,user2,35,Sensor J,KST,2023-12-10 14:55:00
10,2025-10-06,47879,349.0,14,53,37,54,2,user2,35,Sensor J,KST,2023-12-10 14:55:00
10,2025-02-09,26247,12.2,53,43,60,35,13,user2,35,Sensor J,KST,2023-12-10 14:55:00
10,2025-01-06,38072,117.8,49,18,35,81,8,user2,35,Sensor J,KST,2023-12-10 14:55:00
10,2024-11-29,4728,337.2,52,97,43,81,28,user2,35,Sensor J,KST,2023-12-10 14:55:00
10,2025-01-10,15209,246.6,77,99,62,78,79,user2,35,Sensor J,KST,2023-12-10 14:55:00
10,2024-11-10,32695,30.5,30,31,46,26,74,user2,35,Sensor J,KST,2023-12-10 14:55:00
10,2025-10-02,30155,242.9,69,97,94,92,43,user2,35,Sensor J,KST,2023-12-10 14:55:00
10,2024-10-27,49178,186.7,66,18,26,30,1,user2,35,Sensor J,KST,2023-12-10 14:55:00
10,2025-09-07,48607,308.5,79,35,40,16,4,user2,35,Sensor J,KST,2023-12-10 14:55:00
10,2024-12-28,17765,56.0,10,91,70,30,60,user2,35,Sensor J,KST,2023-12-10 14:55:00
10,2025-04-10,14867,197.6,4,100,15,63,57,user2,35,Sensor J,KST,2023-12-10 14:55:00
10,2025-04-25,18817,182.4,20,55,21,21,77,user2,35,Sensor J,KST,2023-12-10 14:55:00
10,2025-09-02,31941,140.7,40,23,20,45,93,user2,35,Sensor J,KST,2023-12-10 14:55:00
10,2025-01-30,47500,92.2,10,21,74,80,34,user2,35,Sensor J,KST,2023-12-10 14:55:00
10,2025-09-21,22457,320.3,51,4,8,4,74,user2,35,Sensor J,KST,2023-12-10 14:55:00
10,2025-07-11,31788,339.7,13,41,11,50,21,user2,35,Sensor J,KST,2023-12-10 14:55:00
10,2025-10-09,16217,267.1,52,2,42,23,85,user2,35,Sensor J,KST,2023-12-10 14:55:00
10,2025-09-07,46644,312.7,18,85,51,80,100,user2,35,Sensor J,KST,2023-12-10 14:55:00
10,2025-03-16,27560,63.7,72,4,82,32,11,user2,35,Sensor J,KST,2023-12-10 14:55:00
10,2024-10-28,46099,52.9,24,97,98,96,51,user2,35,Sensor J,KST,2023-12-10 14:55:00
10,2025-07-01,9664,209.2,99,100,17,53,38,user2,35,Sensor J,KST,2023-12-10 14:55:00
10,2025-04-29,39075,243.2,72,25,30,26,87,user2,35,Sensor J,KST,2023-12-10 14:55:00
10,2025-02-01,45952,154.7,80,74,67,54,25,user2,35,Sensor J,KST,2023-12-10 14:55:00
10,2025-10-22,27870,356.2,49,27,8,67,44,user2,35,Sensor J,KST,2023-12-10 14:55:00
10,2024-12-18,33159,99.6,86,45,19,35,33,user2,35,Sensor J,KST,2023-12-10 14:55:00
10,2024-11-03,21141,244.9,45,46,78,20,80,user2,35,Sensor J,KST,2023-12-10 14:55:00
10,2025-10-19,26703,86.1,99,61,17,67,97,user2,35,Sensor J,KST,2023-12-10 14:55:00
10,2025-04-09,42515,263.1,54,13,87,9,81,user2,35,Sensor J,KST,2023-12-10 14:55:00
10,2024-11-12,34433,346.2,100,2,83,38,79,user2,35,Sensor J,KST,2023-12-10 14:55:00
10,2025-04-29,36594,96.3,80,63,24,19,88,user2,35,Sensor J,KST,2023-12-10 14:55:00
10,2025-03-02,24890,57.4,47,47,20,11,35,user2,35,Sensor J,KST,2023-12-10 14:55:00
10,2025-02-17,20810,338.7,21,78,80,66,70,user2,35,Sensor J,KST,2023-12-10 14:55:00
10,2025-07-15,22781,107.6,5,77,77,29,99,user2,35,Sensor J,KST,2023-12-10 14:55:00
10,2025-09-07,41118,170.5,82,22,37,55,36,user2,35,Sensor J,KST,2023-12-10 14:55:00
10,2025-07-29,4690,155.1,86,34,21,57,8,user2,35,Sensor J,KST,2023-12-10 14:55:00
10,2025-03-06,1158,350.0,62,65,5,94,45,user2,35,Sensor J,KST,2023-12-10 14:55:00
10,2025-06-06,30697,217.3,49,64,4,23,38,user2,35,Sensor J,KST,2023-12-10 14:55:00
10,2025-06-28,46132,315.4,11,47,8,81,14,user2,35,Sensor J,KST,2023-12-10 14:55:00
10,2025-04-10,7930,45.8,58,71,92,20,77,user2,35,Sensor J,KST,2023-12-10 14:55:00
1,2025-07-11,46476,24.7,52,6,51,78,29,prothetic1,21,Sensor A,EMG,2023-12-01 09:00:00
1,2025-01-02,17627,214.6,33,43,14,11,90,prothetic1,21,Sensor A,EMG,2023-12-01 09:00:00
1,2025-04-07,42027,62.4,76,29,44,14,2,prothetic1,21,Sensor A,EMG,2023-12-01 09:00:00
1,2025-08-12,47987,106.1,100,84,42,74,58,prothetic1,21,Sensor A,EMG,2023-12-01 09:00:00
1,2025-08-05,19026,186.5,27,30,61,55,92,prothetic1,21,Sensor A,EMG,2023-12-01 09:00:00
1,2025-02-09,18170,84.6,51,93,23,21,69,prothetic1,21,Sensor A,EMG,2023-12-01 09:00:00
1,2025-05-21,16709,267.9,1,77,28,37,46,prothetic1,21,Sensor A,EMG,2023-12-01 09:00:00
1,2024-11-28,43502,298.5,73,92,65,53,92,prothetic1,21,Sensor A,EMG,2023-12-01 09:00:00
1,2025-10-02,23848,216.3,67,18,84,14,83,prothetic1,21,Sensor A,EMG,2023-12-01 09:00:00
1,2025-08-04,3731,276.8,74,38,55,99,92,prothetic1,21,Sensor A,EMG,2023-12-01 09:00:00
1,2024-12-17,46518,43.1,3,60,60,59,23,prothetic1,21,Sensor A,EMG,2023-12-01 09:00:00
1,2025-01-28,34803,73.2,79,62,63,44,24,prothetic1,21,Sensor A,EMG,2023-12-01 09:00:00
1,2025-07-13,7734,350.3,49,27,71,75,60,prothetic1,21,Sensor A,EMG,2023-12-01 09:00:00
1,2025-09-25,44539,192.7,66,86,33,9,44,prothetic1,21,Sensor A,EMG,2023-12-01 09:00:00
1,2025-01-20,37161,235.8,14,33,66,35,84,prothetic1,21,Sensor A,EMG,2023-12-01 09:00:00
1,2024-11-26,49879,197.2,73,28,32,98,69,prothetic1,21,Sensor A,EMG,2023-12-01 09:00:00
1,2024-12-07,21566,337.3,20,50,44,12,5,prothetic1,21,Sensor A,EMG,2023-12-01 09:00:00
1,2025-06-16,27255,79.6,61,30,68,31,67,prothetic1,21,Sensor A,EMG,2023-12-01 09:00:00
1,2025-04-01,27561,302.3,65,15,93,51,76,prothetic1,21,Sensor A,EMG,2023-12-01 09:00:00
1,2025-08-18,347,137.6,56,59,61,30,11,prothetic1,21,Sensor A,EMG,2023-12-01 09:00:00
1,2024-12-25,30406,329.3,20,66,83,13,38,prothetic1,21,Sensor A,EMG,2023-12-01 09:00:00
1,2025-01-01,35696,260.7,59,93,21,71,44,prothetic1,21,Sensor A,EMG,2023-12-01 09:00:00
1,2024-11-08,10692,266.5,26,98,94,98,9,prothetic1,21,Sensor A,EMG,2023-12-01 09:00:00
1,2025-02-11,1653,243.6,14,67,23,62,19,prothetic1,21,Sensor A,EMG,2023-12-01 09:00:00
1,2025-04-05,48361,52.5,39,85,54,12,42,prothetic1,21,Sensor A,EMG,2023-12-01 09:00:00
1,2025-08-30,20117,154.1,45,7,69,80,74,prothetic1,21,Sensor A,EMG,2023-12-01 09:00:00
1,2024-10-27,24246,347.4,33,42,57,20,71,prothetic1,21,Sensor A,EMG,2023-12-01 09:00:00
1,2025-04-07,24841,309.1,1,64,43,45,79,prothetic1,21,Sensor A,EMG,2023-12-01 09:00:00
1,2024-12-02,18201,169.5,2,74,58,89,17,prothetic1,21,Sensor A,EMG,2023-12-01 09:00:00
1,2025-04-11,26460,234.6,78,26,61,1,36,prothetic1,21,Sensor A,EMG,2023-12-01 09:00:00
1,2024-11-27,25261,179.6,77,18,36,52,25,prothetic1,21,Sensor A,EMG,2023-12-01 09:00:00
1,2025-04-26,30824,151.8,56,19,33,46,25,prothetic1,21,Sensor A,EMG,2023-12-01 09:00:00
1,2025-10-21,29286,187.7,48,40,82,65,66,prothetic1,21,Sensor A,EMG,2023-12-01 09:00:00
1,2025-03-18,43612,271.2,24,3,58,88,46,prothetic1,21,Sensor A,EMG,2023-12-01 09:00:00
1,2025-04-06,21212,115.2,11,93,12,97,54,prothetic1,21,Sensor A,EMG,2023-12-01 09:00:00
1,2025-02-01,37178,11.1,93,56,42,9,41,prothetic1,21,Sensor A,EMG,2023-12-01 09:00:00
1,2025-09-10,32370,234.0,89,96,28,29,73,prothetic1,21,Sensor A,EMG,2023-12-01 09:00:00
1,2024-12-13,11262,333.8,2,19,22,14,42,prothetic1,21,Sensor A,EMG,2023-12-01 09:00:00
1,2025-10-01,2801,357.3,45,96,91,24,65,prothetic1,21,Sensor A,EMG,2023-12-01 09:00:00
1,2025-02-23,35041,239.3,22,18,98,52,84,prothetic1,21,Sensor A,EMG,2023-12-01 09:00:00
1,2025-01-23,20258,353.2,57,94,82,13,76,prothetic1,21,Sensor A,EMG,2023-12-01 09:00:00
1,2025-06-21,21781,107.2,100,3,85,8,72,prothetic1,21,Sensor A,EMG,2023-12-01 09:00:00
